family,label,sharpe,ret,maxdd,calmar,expo,trades,sharpe_is,sharpe_oos,ret_oos
VI,VI(8),0.7333214886699329,0.6113853350658747,-0.35152705124182415,0.5703326537326908,0.5267576075550892,58,0.8811240776280973,0.47524329106426333,0.10071764612744172
VI,VI(10),0.40219114594044336,0.2236860446993374,-0.35001995339861225,0.22965235809689125,0.5194123819517313,60,0.9636069400484786,-0.6870794907763375,-0.19644166541356045
VI,VI(12),0.4831666096553021,0.30708515931384994,-0.3530787306466583,0.3059151030687752,0.5225603357817419,52,1.2021122931203316,-0.9111410449533167,-0.242971035023416
VI,VI(14),1.0643937885811376,1.1109870485907631,-0.256275329544954,1.29277874869413,0.5236096537250787,49,1.7842188028377517,-0.3614921079003861,-0.11752341954044687
VI,VI(16),0.24573321957684416,0.07642991175387848,-0.4308087806826817,0.06640907526466275,0.5089192025183631,51,1.0818821459687225,-1.440589723698417,-0.33968891235820575
VI,VI(18),0.5332078329341625,0.36411001587173497,-0.3924376993083022,0.32179075430695175,0.5005246589716684,50,1.4125598023365888,-1.2929426062941765,-0.30438290587550443
VI,VI(20),0.731341147361583,0.6025911682460872,-0.33464212118433223,0.5915986204966684,0.4994753410283316,42,1.4706380676429718,-0.7504475006028801,-0.20270804048805802
VI,VI(22),0.3345878940778261,0.15816667723867006,-0.38989149414614444,0.14837645410041025,0.5015739769150053,39,1.0484621657310185,-1.2281994653370167,-0.2854540838582005
VI,VI(24),0.34129031427704193,0.16466944241059367,-0.4285675127964662,0.1402850886965707,0.5005246589716684,40,0.8467244364394775,-0.7211892278405488,-0.19431705207997285
VI,VI(26),0.16634558548085063,0.00798871415691016,-0.4157624279916473,0.007341157740063858,0.5099685204616999,43,0.6389404646172502,-0.8603216700183223,-0.21658763373614354
VI,VI(28),0.44595066489476937,0.2689155133733965,-0.3425717748832293,0.2787917618749621,0.5204616998950682,42,0.9441237116734703,-0.5774107833058886,-0.16385307644490033
VI,VI(30),0.7344004397200643,0.6186647803159655,-0.3353477396950263,0.6040343787714891,0.5288562434417629,41,1.3395840166117705,-0.5096386082893956,-0.1500562852086731
VI,VI(32),0.6133482825897466,0.45980211679703653,-0.36163040798879953,0.43113629514354257,0.5383001049317944,35,1.298380433075369,-0.826640502452642,-0.21323653079771243
VI,VI(34),0.8278643358423439,0.745851278306852,-0.3398585209643876,0.7000262301677707,0.5424973767051416,31,1.4512815936727748,-0.45034912103510555,-0.13556942624829116
VI,VI(36),0.8586299778311124,0.8012926327479992,-0.36180632166234894,0.6987745736718163,0.5414480587618048,34,1.5800689632799627,-0.622778672669711,-0.17587401058930163
VI,VI(38),0.6520988525192619,0.5050828845464774,-0.37688888654904207,0.44977468427600326,0.534102833158447,29,1.2132946792953805,-0.5282608110187822,-0.14874435335701275
VI,VI(40),0.7223218878353856,0.5902749673159735,-0.34566300171285047,0.5625110790955141,0.521511017838405,31,1.2499556697204586,-0.40508822362981467,-0.11759772568191273
VI,VI(42),0.4858380525442311,0.3138113307062349,-0.33206660795507814,0.3318383559188644,0.5131164742917104,29,1.0879963034735975,-0.850236375140237,-0.20945074814429265
VI,VI(44),0.5791355632828105,0.41351317096643925,-0.33336592912137075,0.42516097437107014,0.5036726128016789,33,1.0578569995196638,-0.42297879468127336,-0.12471409548993118
VI,VI(46),0.5375021254732771,0.3654401617413514,-0.3026376995650445,0.41866338576109663,0.5005246589716684,29,1.08597126214753,-0.6641093191580782,-0.16893157495026667
VI,VI(48),0.2828318918158713,0.11056226968174121,-0.3644869039614379,0.11243595868044771,0.4994753410283316,30,1.0722950625712193,-1.4832687200835182,-0.3138587096716754
VI,VI(50),0.09921301278497481,-0.04142299434348917,-0.3996259545763121,-0.04021871495253049,0.49527806925498424,27,0.786272342920632,-1.4146187598176196,-0.3085971096439418
VI,VI(52),0.486612038346795,0.3087090649386486,-0.4053589555260232,0.267760572177339,0.4858342077649528,25,0.9767771274555744,-0.6076089012264784,-0.1536247493913342
VI,VI(54),0.4817542900768617,0.3064046058026726,-0.37431902416697793,0.287965930952319,0.48898216159496327,25,0.9933216310469932,-0.6269842173393533,-0.16524865469651184
VI,VI(56),0.334645499964497,0.15761171267638363,-0.3649683997210972,0.15797681978465225,0.48898216159496327,25,0.8268818916970204,-0.7860261150673786,-0.1882248831071769
VI,VI(58),0.16990829167791288,0.01366467608525479,-0.34838517440711925,0.014959545648196107,0.4805876180482686,23,0.7236063513920284,-1.0393168794225218,-0.24436124308430462
VI,VI(60),0.2958078122194971,0.12176738332302572,-0.3331174955637941,0.13506246024134966,0.4669464847848898,20,0.8135495741081219,-0.8052570059193718,-0.1984987752039259
SMA,C>SMA(20),0.6365133813997308,0.4817932573201982,-0.3271432799204481,0.496878682552125,0.5036726128016789,50,1.1514542188445942,-0.3783065829108922,-0.12254665659715869
SMA,C>SMA(28),0.5406753526146826,0.3645069050928105,-0.37359834689864346,0.3383535282912544,0.49527806925498424,45,1.10199863055031,-0.6144678855414164,-0.16597689061293364
SMA,C>SMA(36),0.6857339766294018,0.5412086677627468,-0.30682690412680647,0.5872621390924836,0.5015739769150053,37,1.3984923892017211,-0.8885605642003364,-0.2112810397558894
SMA,C>SMA(44),0.7735902873829,0.6487909615605123,-0.22785749632389507,0.9263907398694858,0.5036726128016789,30,1.282998474934761,-0.3173944805411858,-0.09565624945113183
SMA,C>SMA(52),0.676415380551177,0.5242218806438954,-0.3012098401823764,0.5816171720852883,0.4963273871983211,29,1.13718736595527,-0.32055565543220393,-0.09540872218178054
SMA,C>SMA(60),0.36681335373985,0.18593337208576433,-0.36531349637378274,0.18475453998550012,0.4837355718782791,26,0.6343401258988015,-0.21036932710592893,-0.06973033313401089
SMA,C>SMA(68),0.17272909873388503,0.02244813611647878,-0.34119124995241246,0.025026517686554377,0.4627492130115425,26,0.571434059833891,-0.8100698116265499,-0.16913270792237733
SMA,C>SMA(76),0.22838335747222038,0.06721349559384726,-0.3265646714965137,0.07725140621649079,0.4522560335781742,22,0.6426673898711782,-0.7577677880943305,-0.16056191518350116
SMA,C>SMA(84),0.34107286021914063,0.15561513872562838,-0.2989694851224869,0.1905127976864514,0.440713536201469,19,0.6908796830942368,-0.45707786925172283,-0.10128492157033087
SMA,C>SMA(92),0.22636778177244557,0.06785994555422303,-0.3369206392330958,0.07558274286513184,0.43756558237145854,20,0.5509545770671446,-0.5264008169914813,-0.11336390880775782
SMA,C>SMA(100),0.11120882119671796,-0.012885255111387717,-0.33598691328541397,-0.014747065411235404,0.440713536201469,21,0.4101955382375361,-0.5714091697766868,-0.1238914567345677
SMA,C>SMA(108),0.5025428923626886,0.29292215757229356,-0.2801592538410549,0.3690699783120806,0.4459601259181532,19,1.103339026717112,-0.8370714722590753,-0.17101684144402574
SMA,C>SMA(116),0.4093857664272213,0.2121696244050406,-0.2578274471970987,0.296621955199783,0.4459601259181532,15,0.9015528384117028,-0.677845510067295,-0.1452990813606312
SMA,C>SMA(124),0.4697116164087742,0.2590597651362756,-0.2446270227497681,0.3770615407575856,0.43756558237145854,15,0.9509662823151406,-0.5643603502111267,-0.1243733678924892
SMA,C>SMA(132),0.43958522330497607,0.23462354662756368,-0.23708535959300703,0.35460333736642174,0.42917103882476393,16,0.8393156164573169,-0.43662282626305376,-0.09966839409964412
SMA,C>SMA(140),0.1827834020203539,0.03798453795985424,-0.2539236013258085,0.056635325753787734,0.42077649527806926,16,0.5408108599361837,-0.6041539726887687,-0.1295467374753425
SMA,C>SMA(148),0.09535972886669597,-0.018149892126131495,-0.24649669730891777,-0.028360362703942966,0.40713536201469047,16,0.42229309984668595,-0.6081328017485872,-0.12996799597615816
SMA,C>SMA(156),-0.0840879846517132,-0.12715672660595168,-0.321373595367221,-0.15793002183024918,0.3987408184679958,16,0.19307985064230793,-0.7022089378656154,-0.1454008827221207
SMA,C>SMA(164),-0.03502856502976194,-0.10112565426662645,-0.30692265643342564,-0.13035890728457317,0.3945435466946485,15,0.06942578966398925,-0.2747726529882334,-0.0691607922690024
SMA,C>SMA(172),0.39532245241119657,0.19874469842441655,-0.21171955870871206,0.3395784675885352,0.391395592864638,10,0.6144623898773977,-0.06857662337829944,-0.03157701392833978
SMA,C>SMA(180),0.1623148844637566,0.02199095886241964,-0.25610656940983245,0.032666431440947746,0.385099685204617,14,0.3713013738287113,-0.29724202367341007,-0.07615133047261657
SMA,C>SMA(188),0.3217006140474889,0.14007726605630255,-0.29442603554613056,0.17488875307497345,0.38195173137460653,14,0.5709740756085845,-0.22011593056650938,-0.060686571372796094
SMA,C>SMA(196),0.34784225362240145,0.16092953515237052,-0.27920759214965685,0.21065519295321652,0.3861490031479538,12,0.6344310435549844,-0.2689553271662601,-0.0713004557359137
SMA,C>SMA(204),0.08467043994521137,-0.030035850595351632,-0.3272006473240163,-0.03548928498394347,0.3882476390346275,15,0.19672904782142425,-0.15761946363441776,-0.050052524064223114
SMA,C>SMA(212),0.057110653940485104,-0.052243784571326835,-0.34075064000938715,-0.05969562876221244,0.3934942287513116,12,0.055703849897398065,0.0658527239777836,-0.005720133012970363
SMA,C>SMA(220),0.24346637238702903,0.080290939996295,-0.30746337788356204,0.09764133736109758,0.3955928646379853,13,0.331708810571883,0.0658527239777836,-0.005720133012970363
EMAx,"EMA(10,60)",0.3566496618573227,0.17668046686562833,-0.3384039985034848,0.18999678914207416,0.4826862539349423,9,0.8636295520973316,-0.8907589261599614,-0.18772910510530716
EMAx,"EMA(10,100)",0.2421605417982613,0.078208599396276,-0.30587389801502785,0.09566117483934741,0.4826862539349423,5,0.4324105933879823,-0.1809753771830035,-0.056720574603880025
EMAx,"EMA(10,150)",-0.04260466575156827,-0.11729782171616543,-0.39277417613451304,-0.11880177804331349,0.43441762854144805,8,0.0493778218442141,-0.25982649393537355,-0.07011947208255898
EMAx,"EMA(10,200)",0.2105672842557287,0.053865237438235125,-0.29735490182728697,0.0682592880235098,0.4155299055613851,5,0.33373175248812786,-0.04952407612157541,-0.030982143073920665
EMAx,"EMA(20,60)",0.19232737757277119,0.032156631153770654,-0.37016577003250994,0.03294718171595521,0.4963273871983211,8,0.6417605945077601,-0.9702268611942992,-0.20025934298195736
EMAx,"EMA(20,100)",0.16428055126476832,0.01707968958130901,-0.35544774278858426,0.01830757153173996,0.4774396642182581,5,0.2676585224736005,-0.06674622493539577,-0.03314440744534697
EMAx,"EMA(20,150)",0.06261341799802772,-0.05528676146933398,-0.3551143750623986,-0.06067682582941809,0.43651626442812175,4,0.1608413795733178,-0.1601613286347729,-0.05325601289788673
EMAx,"EMA(20,200)",0.2867636498937125,0.11423800515552496,-0.26669049146208934,0.158609687331823,0.43441762854144805,5,0.4491035259318715,-0.07029675731881654,-0.03594402366106775
EMAx,"EMA(30,60)",0.1743251004291904,0.014463524830756969,-0.3417963858610734,0.016135392031915476,0.5057712486883525,7,0.6503984240802023,-1.029575406298755,-0.22034726264091675
EMAx,"EMA(30,100)",0.08765677579629395,-0.0467495069969035,-0.39735975254971223,-0.04572696169919173,0.4837355718782791,6,0.28938677360614273,-0.4104543653453608,-0.10217749909503848
EMAx,"EMA(30,150)",0.23805650656190755,0.07271518532127552,-0.3201218445148951,0.08511953891439349,0.4491080797481637,4,0.4129200416925181,-0.16189355257622287,-0.05460543537842366
EMAx,"EMA(30,200)",0.4352700368829802,0.2531731901493035,-0.25960039730331286,0.3477682282643977,0.46065057712486884,3,0.6928430786508885,-0.13966115657606873,-0.05180393725492982
EMAx,"EMA(50,60)",0.19807596458489754,0.033192911005259784,-0.3277786234313581,0.038394874646129507,0.5120671563483735,5,0.598537805150989,-0.7856923026015162,-0.18301080890125954
EMAx,"EMA(50,100)",0.005692503283036136,-0.10899061282991473,-0.35736629371115647,-0.12098489540532434,0.46379853095487933,4,0.07060546919363514,-0.1601613286347729,-0.05325601289788673
EMAx,"EMA(50,150)",0.26322854806573825,0.09244448041950482,-0.2882202289860101,0.11950596917093596,0.4858342077649528,4,0.4379353121551098,-0.13966115657606873,-0.05180393725492982
EMAx,"EMA(50,200)",0.4050309024486669,0.22920785562907642,-0.28099031808766717,0.29270584188037707,0.49422875131164745,2,0.8079443887420964,-0.5475987510462296,-0.13986168639978647
Donchian,DC(20)mid,0.27640866588636775,0.10302797525236262,-0.38959428767872883,0.09823271891291632,0.5225603357817419,51,0.5947938793350496,-0.37614796282845114,-0.12139248781753353
Donchian,DC(25)mid,0.14277346899103507,-0.01688914695635657,-0.44851850884232614,-0.014497895216766215,0.5257082896117523,49,0.4408733562951461,-0.5047342073229656,-0.1486739103591308
Donchian,DC(30)mid,0.21581255247261583,0.04878991413721434,-0.3942918215019817,0.046697627544214075,0.521511017838405,46,0.6705829894680677,-0.8282972596905164,-0.20225382343319054
Donchian,DC(35)mid,0.6491524114519795,0.5069985422585166,-0.3245164649354241,0.5241181594771396,0.5152151101783841,37,1.1253680272653952,-0.4213232344304864,-0.11733010567914404
Donchian,DC(40)mid,0.6631064711282809,0.5246640915857415,-0.3108414223341296,0.5640155231875629,0.5194123819517313,34,1.074993397741097,-0.2504591540541041,-0.08097500781005651
Donchian,DC(45)mid,0.5245103459678021,0.35666728483723675,-0.3050449963735319,0.4062524020104833,0.5141657922350472,26,0.9397527443470961,-0.4245178188398867,-0.11600333211266078
Donchian,DC(50)mid,0.37738165904388304,0.20001883798467035,-0.33514444279122,0.2158222211018302,0.5068205666316894,27,0.7909734013905031,-0.6207477889408031,-0.14979699780738243
Donchian,DC(55)mid,0.5275072272245038,0.3589153425161258,-0.3227310524420215,0.38619834083270865,0.49527806925498424,25,0.95644410142986,-0.5311985357454401,-0.12606079412260907
Donchian,DC(60)mid,0.34396659122054096,0.16604926844070733,-0.331470720682027,0.18282909399378605,0.4910807974816369,22,0.5512260884208686,-0.14369835809154266,-0.049944831171163884
Donchian,DC(65)mid,0.2668024741034367,0.09591037382913226,-0.33694419378618523,0.10595159130607328,0.4931794333683106,21,0.6256162017048333,-0.6345037434667505,-0.14202090245239563
Donchian,DC(70)mid,0.17301037795424057,0.01763225553405845,-0.34367477019700376,0.01954401058401573,0.48163693599160545,21,0.44993110240527484,-0.5372816511340999,-0.12177935192081735
Donchian,DC(75)mid,0.20377726374594904,0.04409548651819106,-0.36716409179809306,0.04538619793480684,0.47429171038824763,22,0.5287975394663837,-0.6648469115088974,-0.13652119059350376
Donchian,DC(80)mid,-0.08482001791999053,-0.1518707263514264,-0.44037144302554543,-0.13883707063592382,0.4700944386149003,24,0.16537769077917325,-0.7612843567448847,-0.15045510323631328
Donchian,DC(85)mid,-0.02180653641176739,-0.11287046035681603,-0.37644760108640063,-0.11909684241116666,0.47114375655823715,21,0.298389056073087,-0.871444038312651,-0.16947812813591157
Donchian,DC(90)mid,0.17067281740082624,0.021690792220099064,-0.30422896982529035,0.02712643028121353,0.47429171038824763,18,0.4904632722110611,-0.6679425001347395,-0.13404330235872164
Donchian,DC(95)mid,0.11771175713370885,-0.01698308786891012,-0.3135143922555297,-0.020856889408540014,0.47848898216159497,18,0.5949699933915302,-1.107427792536195,-0.2094292932876427
Donchian,DC(100)mid,0.1460882557287092,0.004266427923130589,-0.2873870750674923,0.005678406331551795,0.4690451206715635,18,0.5652894004248261,-0.9044738097709433,-0.17934054651593567
Donchian,DC(105)mid,0.21811364538547084,0.059554199882568604,-0.2909018500863405,0.077012942427518,0.4648478488982162,17,0.6393924736293444,-0.8189663053018025,-0.16462824900870743
Donchian,DC(110)mid,0.08654748090781489,-0.036656545170796306,-0.3029231556638595,-0.04688144548140842,0.45855194123819515,17,0.5303422675083088,-1.0198948925738565,-0.19723221107240696
Donchian,DC(115)mid,-0.07295209013478024,-0.14510608941918024,-0.3716682111861762,-0.15680351135749004,0.4616998950682057,15,0.4085928763469318,-1.2209823719844908,-0.24303349736906577
Donchian,DC(120)mid,-0.08577616617488994,-0.1536933033974186,-0.37751337065612534,-0.16400245223408372,0.459601259181532,18,0.3185496185754795,-1.053337768818132,-0.21609810593440948
ROC,ROC(10)>0,0.30619449366945706,0.13124318608336694,-0.36366452871678434,0.13299000848434706,0.5141657922350472,74,0.8527424350991126,-0.7631011735754044,-0.21356215680152613
ROC,ROC(15)>0,0.4005399915273881,0.221551246020794,-0.3607578571707646,0.22081470415568327,0.5110178384050367,62,1.0889415667542286,-0.9630725622631892,-0.249360792204258
ROC,ROC(20)>0,0.40143469700707896,0.22136532997202907,-0.3387030066690949,0.2350073661985929,0.49527806925498424,56,1.0593798211375407,-1.0067324223176553,-0.23998345141498978
ROC,ROC(25)>0,0.3726997319605203,0.19473137622063752,-0.3816547429786964,0.18477309678451442,0.5015739769150053,51,1.1494307865057722,-1.4245450578997045,-0.30258417242568003
ROC,ROC(30)>0,0.40784906029464024,0.23043334037619623,-0.3608580167535198,0.22906689946137695,0.5236096537250787,48,0.9546026185782713,-0.7624237254719431,-0.19785535428777123
ROC,ROC(35)>0,0.7612663764333794,0.6487244034925965,-0.30455148080432304,0.693039972537555,0.5330535152151101,33,1.4242185382572874,-0.6089059677180177,-0.16898889300303277
ROC,ROC(40)>0,0.471670717611444,0.29703140404634376,-0.430779961964882,0.24314083028291403,0.5309548793284365,36,1.006131753526341,-0.6834891039825067,-0.17890942547669575
ROC,ROC(45)>0,0.4988716837920271,0.3246036184011365,-0.36143583388316713,0.3145135443423126,0.5057712486883525,36,0.8785766758799881,-0.30907160794698063,-0.09767449946317497
ROC,ROC(50)>0,0.3327016727770593,0.15581608606253416,-0.3649748028753561,0.15625161334610638,0.49842602308499473,31,1.0265692221417324,-1.1410790168198106,-0.2686921426940464
ROC,ROC(55)>0,0.296397063649588,0.12232781823572858,-0.4988845640216004,0.09058527219138053,0.48898216159496327,34,0.5662674213625439,-0.31669401239804595,-0.09209002933316968
ROC,ROC(60)>0,0.246602793369479,0.07944791317819289,-0.36546294136416546,0.08130292434927552,0.46589716684155297,26,0.6534809226057027,-0.6145373755093846,-0.15972395805191697
ROC,ROC(65)>0,0.28480402647316894,0.1123016320470005,-0.3057421644770373,0.13608058347624333,0.4522560335781742,17,0.7951670826666032,-0.7828408067676677,-0.19102080240899044
ROC,ROC(70)>0,0.38980937504054486,0.20213585824877423,-0.25443026318688555,0.2871347506809224,0.43441762854144805,21,0.8364922652959658,-0.6159296730510349,-0.1413868155629392
ROC,ROC(75)>0,0.6968396284116756,0.5206139736407507,-0.23246283173233562,0.7490342869107831,0.4438614900314795,17,1.211517916871075,-0.5068883733581006,-0.1160886773153802
ROC,ROC(80)>0,0.25844117531026517,0.0913676626589579,-0.28955082269039656,0.11760765451891324,0.440713536201469,14,0.7473419476483283,-0.8675997197083345,-0.18183236202974762
ROC,ROC(85)>0,0.41328127218567645,0.2201820464808204,-0.22046509426069238,0.35922687605138737,0.44491080797481636,15,0.7706373106912336,-0.3558044103212887,-0.09277436303443987
ROC,ROC(90)>0,0.30990652748947467,0.13285093847220142,-0.2476013649107548,0.19763281903499108,0.4491080797481637,14,0.6854130688817235,-0.5313246958679363,-0.124355656244171
ROC,ROC(95)>0,0.06458667148791249,-0.0502736490136555,-0.2903362466541145,-0.06737656823474206,0.4333683105981112,14,0.43524697468127527,-0.7420450899719545,-0.16850418652438148
ROC,ROC(100)>0,0.066621771616849,-0.0447839702075673,-0.3012426044915898,-0.057744735068866286,0.42077649527806926,13,0.47402557994921135,-0.7980628195390034,-0.17701108019659273
ROC,ROC(105)>0,-0.02136703747410655,-0.10436993192416277,-0.38056506839357707,-0.10862433538017835,0.41133263378803775,18,0.2668842148896691,-0.6621421340045228,-0.1499518128372458
ROC,ROC(110)>0,-0.09782752485115302,-0.15116974771486535,-0.39144446388511933,-0.15543139850326568,0.4092339979013641,18,0.2285443134033938,-0.8161741595480184,-0.17974573804651006
ROC,ROC(115)>0,0.2951433189336717,0.12073779174350752,-0.2520114530857799,0.177072185347964,0.41343126967471144,13,0.683234626581503,-0.54319797406649,-0.1294881333458433
ROC,ROC(120)>0,0.3814014861722416,0.19223603230034514,-0.27489340040608856,0.2534168501486884,0.4155299055613851,13,0.5602529286947141,0.0019283009260756176,-0.01873416735357225
ROC,ROC(125)>0,0.4404894032916482,0.24500002645270103,-0.25960039730331286,0.3372561622889996,0.41867785939139557,8,0.7217010835799668,-0.1601613286347729,-0.05325601289788673
ROC,ROC(130)>0,0.2930813878512532,0.11932767866832039,-0.26479784996436084,0.1666200347071281,0.4228751311647429,12,0.5024460218235944,-0.17768780483243668,-0.05428637743924836
ADX+DI,DI(10),0.47943875447945083,0.30236361392867606,-0.3606112547295489,0.2952693923760966,0.4900314795383001,56,0.9983979685130434,-0.5170235019716818,-0.15826766199822362
ADX+DI,DI(12),0.5694127849261885,0.39080103587170023,-0.32694585048220026,0.41191166112096395,0.4837355718782791,49,1.3242437348312104,-0.8084092355738254,-0.22306766744948325
ADX+DI,DI(14),0.8225234418484391,0.6904464486492325,-0.27724701245387307,0.8033042761096693,0.47429171038824763,40,1.5366802623209104,-0.5343078049657709,-0.15497100369480787
ADX+DI,DI(16),0.13354117921121245,-0.010535528043961184,-0.46706132829378133,-0.008667616016102818,0.4564533053515215,39,0.9585409568748983,-1.4520883282806292,-0.3352734113838688
ADX+DI,DI(18),0.2568860657190194,0.08915673036779692,-0.4286819903859911,0.07756465748769556,0.44491080797481636,37,1.1520789785821777,-1.5129547650585877,-0.3334802624616211
ADX+DI,DI(20),0.4752624601322143,0.2885920809262281,-0.39362732390795374,0.259081562169483,0.44805876180482684,32,1.2479876017544287,-1.052566705540286,-0.25416688910770857
ADX+DI,DI(22),0.20103366988022756,0.04205957508851621,-0.4092732199623327,0.03886023885233014,0.440713536201469,36,0.9238099480674388,-1.2665375710103555,-0.29290560860599923
ADX+DI,DI(24),0.4781441581997787,0.29262464211438677,-0.36920960152006144,0.2797898996175681,0.44805876180482684,36,1.21829399120606,-1.000197641739251,-0.24335506253461547
ADX+DI,DI(26),0.7023290863792896,0.547155826362643,-0.3154185616309513,0.576789021747102,0.46379853095487933,29,1.180950510164982,-0.20822018298065748,-0.08162264304504874
ADX+DI,DI(28),0.5384121809357529,0.3552841688697497,-0.34533745150998785,0.35758145330116275,0.4522560335781742,33,1.0927806181461412,-0.559520964605362,-0.15559090196119885
ADX+DI,DI(30),0.8137032575433538,0.6716777417960242,-0.32200948156663056,0.6754345857344077,0.44491080797481636,33,1.6953474438709424,-0.9228904024739774,-0.22740680395246138
ADX+DI,DI(32),1.1594627073585784,1.1799514884440625,-0.225522483679918,1.5421970985417022,0.453305351521511,30,1.9184346963272487,-0.30195289702209666,-0.09848348506662485
ADX+DI,DI(34),0.9336239097962183,0.8310763248048532,-0.30273424814403316,0.8612001569422868,0.4438614900314795,25,1.5036447226187355,-0.15174339520221097,-0.0647487693509532
ADX+DI,DI(36),1.2193044897934142,1.3010655936292128,-0.24523535111519779,1.533230760384192,0.44491080797481636,24,1.9361815174823183,-0.16567572287313545,-0.06754368238800501
ADX+DI,DI(38),1.1949126683138478,1.2131777209865962,-0.24135775230719214,1.4734614416078746,0.43966421825813223,18,1.8878344763281574,-0.10767335371915311,-0.05364225346175555
ADX+DI,DI(40),0.8562069913874351,0.7292515038691172,-0.27480268248297657,0.8492951580447057,0.44176285414480587,21,1.2391661281421527,0.13676610137430964,0.005783302936301249
