open_time,equity_system,equity_bh,position,close
2024-01-01,1.0,1.0,0.0,44230.2
2024-01-02,1.0,1.016293136266315,0.0,44979.8
2024-01-03,1.0,0.9681623652990897,0.0,42849.5
2024-01-04,1.0,0.997406406639283,0.0,44143.8
2024-01-05,1.0,0.9974402983660933,0.0,44145.4
2024-01-06,1.0,0.9931767191333848,0.0,43956.7
2024-01-07,1.0,0.9922797180971448,0.0,43916.9
2024-01-08,1.0,1.0613216845061908,0.0,46972.7
2024-01-09,1.0,1.0419198006316457,0.0,46114.0
2024-01-10,1.0,1.05432643209259,0.0,46662.9
2024-01-11,1.0,1.0469809651686182,0.0,46337.8
2024-01-12,1.0,0.9667953989844167,0.0,42788.9
2024-01-13,1.0,0.9680923223970159,0.0,42846.4
2024-01-14,1.0,0.9429785528307447,0.0,41734.9
2024-01-15,1.0,0.9606045102204416,0.0,42515.0
2024-01-16,1.0,0.9745679016661956,0.0,43133.0
2024-01-17,1.0,0.9666666104225384,0.0,42783.4
2024-01-18,1.0,0.9336764035456039,0.0,41323.1
2024-01-19,1.0,0.9413336743562286,0.0,41662.2
2024-01-20,1.0,0.9420047305470685,0.0,41691.8
2024-01-21,1.0,0.9394764077270362,0.0,41580.0
2024-01-22,1.0,0.8939982292448132,0.0,39567.0
2024-01-23,1.0,0.9012917288543432,0.0,39890.0
2024-01-24,1.0,0.9055598269839595,0.0,40078.7
2024-01-25,1.0,0.9027242191741827,0.0,39953.3
2024-01-26,1.0,0.9445940584753587,0.0,41806.4
2024-01-27,1.0,0.951277507002307,0.0,42102.2
2024-01-28,1.0,0.9494473537545625,0.0,42021.2
2024-01-29,1.0,0.9780610089760882,0.0,43287.7
2024-01-30,1.0,0.9697168658354459,0.0,42918.3
2024-01-31,1.0,0.9616325592670142,0.0,42560.5
2024-02-01,1.0,0.9732031947999764,0.0,43072.6
2024-02-02,1.0,0.9756750314086586,0.0,43182.0
2024-02-03,1.0,0.9713911171398643,0.0,42992.4
2024-02-04,1.0,0.961853985215507,0.0,42570.3
2024-02-05,1.0,0.9646240690201178,0.0,42692.9
2024-02-06,1.0,0.973350058949487,0.0,43079.1
2024-02-07,1.0,1.0015299000678437,0.0,44326.2
2024-02-08,1.0,1.0228342395406615,0.0,45269.1
2024-02-09,1.0,1.0645639930376893,0.0,47116.1
2024-02-10,1.0,1.0784934927566334,0.0,47732.6
2024-02-11,1.0,1.091390424532097,0.0,48303.4
2024-02-12,1.0,1.128449898074695,0.0,49943.6
2024-02-13,1.0,1.1228645414963936,0.0,49696.4
2024-02-14,1.0,1.1709162317677289,0.0,51823.2
2024-02-15,1.0,1.1726175964535952,0.0,51898.5
2024-02-16,1.0,1.1782729959339708,0.0,52148.6
2024-02-17,1.0,1.167671663787777,0.0,51679.4
2024-02-18,1.0,1.1788875659134606,0.0,52175.9
2024-02-19,1.0,1.1707038436130526,0.0,51813.8
2024-02-20,1.0086834388395347,1.1816305363366233,1.0,52297.4
2024-02-21,1.0005942672331745,1.172154409520524,1.0,51877.8
2024-02-22,0.9897739876166555,1.1594789036935533,1.0,51316.9
2024-02-23,0.9792623077752957,1.1471649096192233,1.0,50771.9
2024-02-24,0.9952747786088679,1.165922850684377,1.0,51602.1
2024-02-25,0.9984147813211127,1.1696012327674983,1.0,51764.9
2024-02-26,1.0406680805199038,1.2316637629021217,0.8,54511.6
2024-02-27,1.0894585134095363,1.2895689078813748,1.0,57074.5
2024-02-28,1.192791432953136,1.411881890490509,1.0,62487.9
2024-02-29,1.1730196458719715,1.3828570156503543,0.8,61203.3
2024-03-01,1.1918375463626791,1.4105872265263637,0.8,62430.6
2024-03-02,1.185870588757096,1.4017595614165643,0.8,62039.9
2024-03-03,1.2032817354850416,1.427485641513871,0.8,63178.5
2024-03-04,1.2812626425621318,1.5431242133898728,0.8,68296.4
2024-03-05,1.2129901687338667,1.4403419032171623,0.8,63747.4
2024-03-06,1.2400102337748644,1.4941280736647633,0.6000000000000001,66128.1
2024-03-07,1.2483584759124848,1.510893181193484,0.6000000000000001,66870.0
2024-03-08,1.2630341087087211,1.5404964748378642,0.6000000000000001,68180.2
2024-03-09,1.2650348022200417,1.5445634820550742,0.6000000000000001,68360.1
2024-03-10,1.2721586520253765,1.559060103335974,0.6000000000000001,69001.8
2024-03-11,1.307027057954345,1.6302801780546814,0.6000000000000001,72153.8
2024-03-12,1.2999559075058862,1.6155802064129219,0.6000000000000001,71503.2
2024-03-13,1.3176741251033548,1.6522804276513334,0.6000000000000001,73127.6
2024-03-14,1.2995976302873935,1.6145024495003613,0.6000000000000001,71455.5
2024-03-15,1.2788257040345703,1.5714938481783665,0.6000000000000001,69552.2
2024-03-16,1.2324793708666029,1.4765721591771408,0.6000000000000001,65351.0
2024-03-17,1.2675227400297688,1.5465450183492373,0.6000000000000001,68447.9
2024-03-18,1.2615218083457256,1.528742823980128,0.4,67660.0
2024-03-19,1.2191163288891902,1.4002728443338286,0.4,61974.1
2024-03-20,1.2655588931733197,1.5336322704345957,0.4,67876.4
2024-03-21,1.2566815385051988,1.480840257306757,0.2,65539.9
2024-03-22,1.250109356305683,1.4421178297020107,0.2,63826.0
2024-03-23,1.250870475183165,1.4465079380481436,0.2,64020.3
2024-03-24,1.2635334569040884,1.519725365200192,0.2,67260.9
2024-03-25,1.2735262459846026,1.5798199157313768,0.2,69920.5
2024-03-26,1.273976493390957,1.5826125940205273,0.2,70044.1
2024-03-27,1.2700888473622165,1.5710532557298353,0.4,69532.6
2024-03-28,1.279632514950798,1.600566171436055,0.4,70838.7
2024-03-29,1.2728751315508422,1.5794358094941956,0.4,69903.6
2024-03-30,1.2709697410735923,1.573525092338517,0.4,69642.1
2024-03-31,1.283533073111085,1.6124102002319518,0.4,71363.0
2024-04-01,1.2715688031079533,1.5748355724418401,0.4,69700.0
2024-04-02,1.2409373126750929,1.4799929641365048,0.4,65505.3
2024-04-03,1.2444944096643311,1.4905988151796068,0.4,65971.9
2024-04-04,1.2538325539167017,1.5474917272514657,0.2,68489.9
2024-04-05,1.2514014041227157,1.5324889895168692,0.2,67825.7
2024-04-06,1.2553707859520928,1.5567938765366063,0.2,68901.6
2024-04-07,1.2585687744090257,1.5672144528064795,0.4,69362.7
2024-04-08,1.2753751666285993,1.6195342412074314,0.4,71678.4
2024-04-09,1.2486361679295794,1.5632943097387801,0.6000000000000001,69189.3
2024-04-10,1.259248442096923,1.5970188373632666,0.4,70681.7
2024-04-11,1.2568534967511944,1.582870171144284,0.2,70055.7
2024-04-12,1.2357409926481113,1.516912351874955,0.4,67136.4
2024-04-13,1.2122050673902887,1.444684563145761,0.4,63939.7
2024-04-14,1.2118898940727671,1.4825574381318014,0.0,65615.9
2024-04-15,1.2118898940727671,1.432327639550805,0.0,63392.7
2024-04-16,1.2118898940727671,1.4407350472481597,0.0,63765.0
2024-04-17,1.2118898940727671,1.3840138532588053,0.0,61254.5
2024-04-18,1.2118898940727671,1.4335070716437959,0.0,63445.0
2024-04-19,1.2118898940727671,1.4412434231503108,0.0,63787.4
2024-04-20,1.2118898940727671,1.4663187820928638,0.0,64897.2
2024-04-21,1.2118898940727671,1.4666689966032347,0.0,64912.6
2024-04-22,1.2118898940727671,1.5088122291673454,0.0,66778.0
2024-04-23,1.2118898940727671,1.4999619695730058,0.0,66386.3
2024-04-24,1.2039330190327917,1.45169563169854,0.2,64250.0
2024-04-25,1.2047904816779427,1.4568652497613048,0.2,64478.8
2024-04-26,1.2046338589153245,1.4403690165986105,0.0,63748.8
2024-04-27,1.2046338589153245,1.4329625445663805,0.0,63421.0
2024-04-28,1.2046338589153245,1.4254498784568121,0.0,63088.3
2024-04-29,1.2046338589153245,1.4424861198000138,0.0,63842.4
2024-04-30,1.2046338589153245,1.3703826007357898,0.0,60651.2
2024-05-01,1.2046338589153245,1.3174324262161705,0.0,58307.6
2024-05-02,1.2046338589153245,1.3339038054458707,0.0,59036.7
2024-05-03,1.2046338589153245,1.420146952935261,0.0,62853.7
2024-05-04,1.2046338589153245,1.4429809390114408,0.0,63864.2
2024-05-05,1.2046338589153245,1.4457736173005915,0.0,63988.0
2024-05-06,1.2046338589153245,1.4266767589673368,0.0,63142.8
2024-05-07,1.2012465948905686,1.4075460089072722,0.2,62296.0
2024-05-08,1.196857424640007,1.3818312260522356,0.2,61157.9
2024-05-09,1.1967018331748038,1.424582250250474,0.0,63050.1
2024-05-10,1.1967018331748038,1.3732475813754688,0.0,60778.1
2024-05-11,1.1967018331748038,1.3739525292931183,0.0,60809.2
2024-05-12,1.1990908365572641,1.3885598635482639,0.2,61455.8
2024-05-13,1.204774526771339,1.421468730280854,0.2,62912.1
2024-05-14,1.199559190244864,1.390701820682661,0.2,61550.5
2024-05-15,1.2175861479428955,1.4951990522319616,0.2,66175.4
2024-05-16,1.2103794283144134,1.473560314387951,0.4,65217.7
2024-05-17,1.2234620832778265,1.51337857449289,0.4,66980.0
2024-05-18,1.2227672415691389,1.5112298390131307,0.4,66884.9
2024-05-19,1.2180469160282,1.496645099242525,0.4,66239.4
2024-05-20,1.2755598625565043,1.614748729381847,0.6000000000000001,71466.5
2024-05-21,1.261661701127366,1.5854256073457633,0.6000000000000001,70168.8
2024-05-22,1.2478397688532983,1.563972144274981,0.8,69219.1
2024-05-23,1.2344890901504764,1.5364226892752917,0.6000000000000001,67999.9
2024-05-24,1.2408514384264906,1.549620127695138,0.6000000000000001,68584.1
2024-05-25,1.2487813518970132,1.5661253986516483,0.6000000000000001,69314.4
2024-05-26,1.240240609517276,1.5482734964165508,0.6000000000000001,68524.3
2024-05-27,1.2504170967992834,1.5694467878790366,0.6000000000000001,69461.6
2024-05-28,1.2393882457303451,1.5463755597151863,0.6000000000000001,68440.5
2024-05-29,1.2312000734053816,1.529348356165801,0.6000000000000001,67686.7
2024-05-30,1.2390121698189536,1.5455214881995727,0.6000000000000001,68402.5
2024-05-31,1.2300492356341446,1.526887816799389,0.6000000000000001,67577.9
2024-06-01,1.2324660899238977,1.5318879762281032,0.6000000000000001,67799.2
2024-06-02,1.2324033043792582,1.5320393592745216,0.8,67805.9
2024-06-03,1.247603803620747,1.5556596334126955,0.8,68851.4
2024-06-04,1.2726634053458468,1.5947187188370886,0.8,70580.0
2024-06-05,1.2806448693546637,1.607220247133101,0.8,71133.3
2024-06-06,1.2762765120438089,1.6003673399721021,0.8,70830.0
2024-06-07,1.2499291790140912,1.5675375539354022,1.0,69377.0
2024-06-08,1.249328527481185,1.5668506816053847,0.8,69346.5
2024-06-09,1.2549401511789788,1.5740922139004723,1.0,69667.1
2024-06-10,1.2532163294607077,1.5716452312247842,0.8,69558.7
2024-06-11,1.22095644241724,1.521074255927233,0.8,67320.7
2024-06-12,1.231132227873432,1.542532237894923,0.6000000000000001,68270.3
2024-06-13,1.2095703745098179,1.5090133200797513,0.8,66786.9
2024-06-14,1.2038436189572614,1.492132980679876,0.4,66039.7
2024-06-15,1.2051123636044878,1.4960644209898457,0.4,66213.7
2024-06-16,1.2083141687747971,1.506001475290562,0.4,66653.6
2024-06-17,1.206998779844189,1.5019028357949962,0.4,66472.1
2024-06-18,1.197395389629588,1.4720284083361352,0.4,65150.0
2024-06-19,1.1958052314081515,1.4671412213301211,0.4,64933.6
2024-06-20,1.1952188718259316,1.4653427003607327,0.4,64854.0
2024-06-21,1.192373172792381,1.4488509860949463,0.2,64124.0
2024-06-22,1.1928045715583486,1.4514719463015928,0.2,64240.0
2024-06-23,1.1889231350780418,1.4278561910603271,0.2,63194.9
2024-06-24,1.1887685750704817,1.3618486639250102,0.0,60273.6
2024-06-25,1.1887685750704817,1.395839806467069,0.0,61777.8
2024-06-26,1.1887685750704817,1.3751025885562063,0.0,60860.1
2024-06-27,1.1887685750704817,1.3936752548481317,0.0,61682.0
2024-06-28,1.1887685750704817,1.3653801818586209,0.0,60429.8
2024-06-29,1.1887685750704817,1.3778681534639092,0.0,60982.4
2024-06-30,1.1887685750704817,1.4181676760895514,0.0,62766.0
2024-07-01,1.1887685750704817,1.420824787471462,0.0,62883.6
2024-07-02,1.1887685750704817,1.4036484603241122,0.0,62123.6
2024-07-03,1.1887685750704817,1.3603687251876366,0.0,60208.0
2024-07-04,1.1887685750704817,1.2889227056235284,0.0,57045.9
2024-07-05,1.1887685750704817,1.2789585379413642,0.0,56604.9
2024-07-06,1.1887685750704817,1.3153605119838467,0.0,58216.0
2024-07-07,1.1887685750704817,1.2614726663558153,0.0,55830.9
2024-07-08,1.1887685750704817,1.2807999884313785,0.0,56686.4
2024-07-09,1.1887685750704817,1.3110020359160701,0.0,58023.2
2024-07-10,1.1887685750704817,1.3038599193529588,0.0,57707.0
2024-07-11,1.1887685750704817,1.2950186975524351,0.0,57315.5
2024-07-12,1.1887685750704817,1.3075428203329877,0.0,57870.0
2024-07-13,1.1887685750704817,1.3370037687247656,0.0,59174.0
2024-07-14,1.1887685750704817,1.3729764475609874,0.0,60766.0
2024-07-15,1.1887685750704817,1.461424816741487,0.0,64680.6
2024-07-16,1.1898248475743711,1.4688674399489812,0.2,65010.0
2024-07-17,1.1863320591739543,1.4473077828008607,0.2,64055.7
2024-07-18,1.1854681384533852,1.4451432311819234,0.4,63959.9
2024-07-19,1.2052474408084808,1.5054230564863365,0.4,66627.9
2024-07-20,1.2086315740503577,1.5159904969057205,0.4,67095.6
2024-07-21,1.219740861839585,1.539542987590274,0.6000000000000001,68138.0
2024-07-22,1.2128797523628485,1.5251096308660868,0.6000000000000001,67499.2
2024-07-23,1.195814062458241,1.4893448212876337,0.6000000000000001,65916.4
2024-07-24,1.1896575964515652,1.4765653808317785,0.6000000000000001,65350.8
2024-07-25,1.1942701781345297,1.486107031653044,0.6000000000000001,65773.0
2024-07-26,1.2094361821345674,1.5337700967902903,0.4,67882.5
2024-07-27,1.2091848837181263,1.5335712653263378,0.6000000000000001,67873.8
2024-07-28,1.212838428993438,1.5412940601421288,0.6000000000000001,68215.5
2024-07-29,1.197205969210717,1.508184102497132,0.6000000000000001,66750.0
2024-07-30,1.190848142451419,1.4948352810308676,0.6000000000000001,66159.3
2024-07-31,1.17402741446426,1.4596443713597318,0.6000000000000001,64601.8
2024-08-01,1.181956785495393,1.4760750805172598,0.6000000000000001,65328.9
2024-08-02,1.153974886828104,1.3891925091153858,0.4,61483.7
2024-08-03,1.147974878828891,1.3711349970709739,0.4,60684.6
2024-08-04,1.1382157542576326,1.313745006339234,0.2,58144.5
2024-08-05,1.1220032098608939,1.220181245858866,0.2,54003.1
2024-08-06,1.1134515874252802,1.2650945622275873,-0.2,55991.2
2024-08-07,1.1169849591822087,1.2450216221622024,-0.2,55102.9
2024-08-08,1.0904021162506687,1.3931713978428897,-0.2,61659.8
2024-08-09,1.0902603639755561,1.3739389726023947,0.0,60808.6
2024-08-10,1.0902603639755561,1.3757736447470474,0.0,60889.9
2024-08-11,1.0902603639755561,1.3261403405579082,0.0,58693.1
2024-08-12,1.0902603639755561,1.340388422508867,0.0,59323.6
2024-08-13,1.0902603639755561,1.3681050766941527,0.0,60550.5
2024-08-14,1.0902603639755561,1.3251235887536057,0.0,58648.1
2024-08-15,1.0902603639755561,1.299433659831563,0.0,57511.0
2024-08-16,1.0902603639755561,1.329796128156489,0.0,58854.9
2024-08-17,1.0923919625418035,1.3436601038702667,0.2,59468.5
2024-08-18,1.0884300819078374,1.3192942117422712,0.2,58390.0
2024-08-19,1.0921891576812568,1.3420762305040088,0.2,59398.5
2024-08-20,1.0920471730907582,1.3326837032807077,0.0,58982.9
2024-08-21,1.0920471730907582,1.3809748950881675,0.0,61120.0
2024-08-22,1.089153290963501,1.3635748825438712,0.2,60349.9
2024-08-23,1.1024003766858144,1.4464989002543274,0.2,64019.9
2024-08-24,1.1029224309373005,1.4486815274608966,0.4,64116.5
2024-08-25,1.1034281645455946,1.4503422220745907,0.4,64190.2
2024-08-26,1.093922779168922,1.4191076066464186,0.4,62807.6
2024-08-27,1.0700733094387525,1.341759907720448,0.4,59384.5
2024-08-28,1.0685849046489828,1.3333005327086513,0.2,59010.0
2024-08-29,1.0697195857221111,1.3403793847150505,0.2,59323.2
2024-08-30,1.0689012921544898,1.3352526961729119,0.2,59096.3
2024-08-31,1.0687623349865099,1.3317618483114733,0.0,58941.9
2024-09-01,1.0746934221165931,1.293943200088329,-0.2,57268.1
2024-09-02,1.0677721443381258,1.3356096890286446,-0.2,59112.1
2024-09-03,1.067633333959362,1.2980983257952452,0.0,57451.9
2024-09-04,1.067633333959362,1.3092328877765846,0.0,57944.8
2024-09-05,1.067633333959362,1.2685831506405714,0.0,56145.7
2024-09-06,1.0759297761487046,1.2184685839307292,-0.2,53927.7
2024-09-07,1.0751029926974613,1.223150161127429,-0.2,54134.9
2024-09-08,1.0723039662692093,1.2390724943828055,-0.2,54839.6
2024-09-09,1.0638158089566565,1.2881138230769953,-0.2,57010.0
2024-09-10,1.0615799523237233,1.3016501787649424,-0.2,57609.1
2024-09-11,1.0614419469299212,1.2947904932585816,0.0,57306.0
2024-09-12,1.0614419469299212,1.3126740277720352,0.0,58097.0
2024-09-13,1.0699241752776172,1.3659766762504792,0.2,60456.2
2024-09-14,1.0663000915593885,1.3548534115114104,0.4,59964.0
2024-09-15,1.0630908133707067,1.335345333559527,0.2,59100.5
2024-09-16,1.0563798518894048,1.3147052719321866,0.4,58187.0
2024-09-17,1.063845799563178,1.362018122559062,0.2,60281.0
2024-09-18,1.0739737589367493,1.3948772814256643,0.4,61735.3
2024-09-19,1.0822655928220566,1.421800869203594,0.4,62926.9
2024-09-20,1.084693363349395,1.4274246364056138,0.6000000000000001,63175.7
2024-09-21,1.08618504464837,1.4306963177670138,0.6000000000000001,63320.6
2024-09-22,1.0886335693508067,1.436071545639093,0.6000000000000001,63558.4
2024-09-23,1.0859985891623358,1.4302783198030227,0.6000000000000001,63302.0
2024-09-24,1.098773673068568,1.4515419892036685,0.8,64243.1
2024-09-25,1.0833820300017865,1.4261254535445607,0.8,63118.4
2024-09-26,1.1111305391501964,1.4717843879031038,0.8,65139.2
2024-09-27,1.119460210037234,1.4855760612663536,0.8,65749.6
2024-09-28,1.1204572608117613,1.4872299775346856,0.8,65822.6
2024-09-29,1.1169915096605434,1.4814796812192415,0.8,65568.1
2024-09-30,1.0862021060334792,1.430434221746349,0.8,63309.1
2024-10-01,1.0599926668723463,1.3732182085455675,0.6000000000000001,60776.8
2024-10-02,1.0587805161698483,1.369738657926399,0.4,60622.6
2024-10-03,1.0595098580558953,1.372097522112381,0.4,60727.2
2024-10-04,1.0687721576461064,1.4020849219939424,0.4,62054.4
2024-10-05,1.0683107994026901,1.4013799740762927,0.6000000000000001,62023.1
2024-10-06,1.0762281679646202,1.4186896086824288,0.6000000000000001,62789.3
2024-10-07,1.070072043841265,1.4051645502367518,0.6000000000000001,62190.7
2024-10-08,1.0694650044863347,1.4038359945457968,0.6000000000000001,62131.7
2024-10-09,1.053710088024775,1.3693681083799427,0.6000000000000001,60606.4
2024-10-10,1.0513963600116356,1.3622960347189055,0.4,60293.2
2024-10-11,1.0668513370314887,1.4123586341143055,0.4,62509.0
2024-10-12,1.0714048563122323,1.4274291553025225,0.4,63176.0
2024-10-13,1.0691235250903897,1.4198306301517019,0.4,62839.8
2024-10-14,1.0910723071063542,1.4927023616902877,0.4,66064.9
2024-10-15,1.1068167807765144,1.5148246215034558,1.0,67044.1
2024-10-16,1.115863609663,1.527206399031406,1.0,67592.0
2024-10-17,1.1127186810081175,1.5229021497265254,1.0,67401.5
2024-10-18,1.1293314983593408,1.545638979519183,1.0,68407.8
2024-10-19,1.1284945015992225,1.544493439153002,1.0,68357.1
2024-10-20,1.1394414947281066,1.5594758418515124,1.0,69020.1
2024-10-21,1.1121771919798753,1.5221610506336114,1.0,67368.8
2024-10-22,1.112801225067301,1.5230151221492256,1.0,67406.4
2024-10-23,1.1002677351209145,1.505861389486416,1.0,66647.2
2024-10-24,1.1254684363895642,1.54035187013681,1.0,68173.8
2024-10-25,1.1005219708231988,1.5062093445483327,1.0,66662.8
2024-10-26,1.107277376626757,1.5154550076221232,1.0,67071.8
2024-10-27,1.119294481719147,1.5362600089866059,0.8,67992.6
2024-10-28,1.1512037412984193,1.580255989283001,1.0,69940.0
2024-10-29,1.19728487658942,1.6435115082013394,1.0,72739.5
2024-10-30,1.1908572857438935,1.6346883619884478,1.0,72349.0
2024-10-31,1.1574914229962197,1.588887082377302,1.0,70321.9
2024-11-01,1.1438873158673397,1.5702127409049464,1.0,69495.5
2024-11-02,1.1417672807817987,1.5673025712961874,1.0,69366.6
2024-11-03,1.1318238553534183,1.5536532431855399,1.0,68762.5
2024-11-04,1.119455571898864,1.5326833020839146,0.8,67834.3
2024-11-05,1.1443728010543779,1.5669975457548966,1.0,69353.1
2024-11-06,1.2471191895734979,1.7076888820889116,1.0,75579.9
2024-11-07,1.2506466144856234,1.714004040517857,0.8,75859.4
2024-11-08,1.2588607866146055,1.7280758854894034,0.8,76482.2
2024-11-09,1.2614008207217622,1.7324343615571802,0.8,76675.1
2024-11-10,1.3226789467470645,1.8168202424173778,1.0,80410.0
2024-11-11,1.431981064994539,2.0047860187545505,0.8,88728.9
2024-11-12,1.4222073976145313,1.9876819939577288,0.8,87972.0
2024-11-13,1.4537813977036174,2.042841909065366,0.8,90413.3
2024-11-14,1.4147962016581654,1.9743648047698208,0.8,87382.7
2024-11-15,1.4626174161930678,2.0577836416917044,0.8,91074.6
2024-11-16,1.457074943070193,2.048036381061124,0.8,90643.3
2024-11-17,1.4475174861605538,2.031244160150955,0.8,89899.9
2024-11-18,1.4553414872381414,2.0449680500605845,0.8,90507.4
2024-11-19,1.478863028322428,2.0862820650420755,0.8,92335.9
2024-11-20,1.5038750855403744,2.1303887583127175,0.8,94288.0
2024-11-21,1.5559199328074884,2.2225471418546943,0.8,98366.8
2024-11-22,1.5629391204742888,2.2350803024290626,0.8,98921.4
2024-11-23,1.5478231435093202,2.208059558367611,0.8,97725.5
2024-11-24,1.550799507175834,2.2133670027860695,0.8,97960.4
2024-11-25,1.4887868405448024,2.1027331092356896,0.8,93064.0
2024-11-26,1.4754449658670068,2.079178359102682,0.8,92021.4
2024-11-27,1.5252610250613272,2.166928558710894,0.8,95905.2
2024-11-28,1.5230512233537488,2.1621656413698505,0.6000000000000001,95694.4
2024-11-29,1.5460495242310857,2.203328273304923,0.8,97516.3
2024-11-30,1.5328460765600356,2.179807414898726,0.8,96475.1
2024-12-01,1.5428850654920478,2.1976525387884616,0.8,97265.1
2024-12-02,1.5296034773208278,2.16659867923661,0.6000000000000001,95890.5
2024-12-03,1.529820737400138,2.167111574035669,0.6000000000000001,95913.3
2024-12-04,1.556200504518839,2.229393270670331,0.6000000000000001,98669.8
2024-12-05,1.540414192912015,2.1917011515606113,0.6000000000000001,97001.5
2024-12-06,1.5671016668068412,2.2549860433088518,0.6000000000000001,99802.5
2024-12-07,1.5680126984814797,2.257170929963875,0.6000000000000001,99899.2
2024-12-08,1.5802640141243753,2.286564094902033,0.6000000000000001,101200.0
2024-12-09,1.5441834368222207,2.199552734938281,0.6000000000000001,97349.1
2024-12-10,1.5370758445140094,2.1826791738837676,0.6000000000000001,96602.4
2024-12-11,1.5801606776057167,2.2846480826130366,0.6000000000000001,101115.3
2024-12-12,1.569537228645605,2.259048531629154,0.6000000000000001,99982.4
2024-12-13,1.5826257189059365,2.2904458273460144,0.6000000000000001,101371.9
2024-12-14,1.5825336334694278,2.2906514371553293,0.8,101381.0
2024-12-15,1.620989851689955,2.360231152296429,0.8,104460.4
2024-12-16,1.6403894972305058,2.395539553287173,0.8,106023.2
2024-12-17,1.6410257053069093,2.396700909792532,0.8,106074.6
2024-12-18,1.5680866915060125,2.263542574604171,0.8,100181.1
2024-12-19,1.5336899996484756,2.2014777850210936,0.8,97434.4
2024-12-20,1.5366091794571373,2.20893848381622,0.6000000000000001,97764.4
2024-12-21,1.534629113744136,2.19757797698948,0.2,97261.8
2024-12-22,1.52797601481515,2.1499420252336816,0.2,95153.5
2024-12-23,1.5270369413049403,2.1433353979541696,0.2,94861.1
2024-12-24,1.5391613515836855,2.2284239672835633,0.2,98627.2
2024-12-25,1.5436598844087361,2.245430835796863,0.4,99379.7
2024-12-26,1.5211140958462788,2.163442229746365,0.4,95751.0
2024-12-27,1.516175920937438,2.1297312588126025,0.2,94258.9
2024-12-28,1.5193936099962357,2.1523302622495657,0.2,95259.1
2024-12-29,1.514419726101246,2.1171009419547113,0.2,93700.0
2024-12-30,1.5142228515368528,2.0958485697963356,0.0,92759.3
2024-12-31,1.5142228515368528,2.1136869153407094,0.0,93548.9
2025-01-01,1.5142228515368528,2.1370066828345,0.0,94580.9
2025-01-02,1.5216681283648357,2.19093293908625,0.2,96967.5
2025-01-03,1.5253656050931999,2.217551501322889,0.2,98145.7
2025-01-04,1.5254510852602168,2.21817284964774,0.2,98173.2
2025-01-05,1.5259700666751823,2.2219461285659294,0.2,98340.2
2025-01-06,1.5496080579810723,2.308715727545103,0.4,102180.4
2025-01-07,1.501541879749016,2.189861960519051,0.6000000000000001,96920.3
2025-01-08,1.4895339132097478,2.146792354088798,0.4,95014.1
2025-01-09,1.4814766935826837,2.0901253868623395,0.2,92505.9
2025-01-10,1.481284101612518,2.1391463805204434,0.0,94675.5
2025-01-11,1.481284101612518,2.136588684870509,0.0,94562.5
2025-01-12,1.48089572692411,2.1351765295867553,0.2,94499.9
2025-01-13,1.4808502813986855,2.1348489095609247,0.2,94485.3
2025-01-14,1.4806577708621036,2.1807044159349664,0.0,96514.9
2025-01-15,1.4925698266648453,2.269841916893938,0.2,100460.0
2025-01-16,1.4892700112160266,2.258034039273305,0.4,99937.4
2025-01-17,1.5137403346386655,2.3507889172071392,0.4,104042.5
2025-01-18,1.5177485685649514,2.361672680410084,0.6000000000000001,104524.3
2025-01-19,1.4802300059939506,2.2890811204797945,0.8,101311.5
2025-01-20,1.4911728216199083,2.3102340769061938,0.8,102247.6
2025-01-21,1.536297820008561,2.3976227647617647,0.8,106114.5
2025-01-22,1.5148116651596117,2.3422549803963597,0.6000000000000001,103664.9
2025-01-23,1.516557283990286,2.3467535422682846,0.6000000000000001,103864.1
2025-01-24,1.5248275031774166,2.368082735674097,0.6000000000000001,104808.1
2025-01-25,1.52390220139509,2.365687720312851,0.6000000000000001,104702.0
2025-01-26,1.4987632256220542,2.317290334428053,0.8,102560.1
2025-01-27,1.4938450025319592,2.3051186856063257,0.6000000000000001,102021.3
2025-01-28,1.4893072569558738,2.2883626158714208,0.4,101279.6
2025-01-29,1.5104510364610289,2.34300511728309,0.6000000000000001,103698.2
2025-01-30,1.5190052692260732,2.3651205987508956,0.6000000000000001,104676.9
2025-01-31,1.499004827845372,2.3132188083139353,0.6000000000000001,102379.7
2025-02-01,1.483400974105363,2.2730864848738896,0.6000000000000001,100603.6
2025-02-02,1.4658733097537073,2.2066790353622134,0.4,97664.5
2025-02-03,1.4765767779922543,2.2886766792065276,0.2,101293.7
2025-02-04,1.4661290092455357,2.207707084408786,0.2,97709.9
2025-02-05,1.462657475036355,2.18156978469285,0.2,96553.2
2025-02-06,1.462541738808977,2.18070667538342,0.2,96515.1
2025-02-07,1.462358381247566,2.179339709068747,0.2,96454.5
2025-02-08,1.4622295117159152,2.1783794434757944,0.2,96411.9
2025-02-09,1.462264697921649,2.178641539496459,0.2,96423.6
2025-02-10,1.4651630343150919,2.2002328289229354,0.2,97379.2
2025-02-11,1.4602044894760617,2.1630016372978327,0.2,95731.4
2025-02-12,1.46001466289243,2.2101088781153937,0.0,97816.3
2025-02-13,1.46001466289243,2.1817369838784466,0.0,96560.6
2025-02-14,1.462499925082365,2.2017240649025793,0.2,97445.1
2025-02-15,1.4627784816311689,2.2038208330678963,0.2,97538.0
2025-02-16,1.45836636092646,2.170584346309475,0.2,96067.0
2025-02-17,1.4573829537953868,2.1632659927669513,0.2,95743.2
2025-02-18,1.4570142816389502,2.1605298006891505,0.2,95622.0
2025-02-19,1.4599882839343454,2.18257975815179,0.2,96598.0
2025-02-20,1.459798485457434,2.2199713706171273,0.0,98252.9
2025-02-21,1.4532948359746491,2.1719626098664184,0.2,96127.9
2025-02-22,1.4531059076459725,2.1804423199143015,0.0,96503.3
2025-02-23,1.4520590231185881,2.1740051512688394,0.2,96218.4
2025-02-24,1.4518702554455827,2.0677229554408743,0.0,91514.5
2025-02-25,1.4518702554455827,2.0027547745944,0.0,88639.1
2025-02-26,1.4518702554455827,1.9026499108396857,0.0,84208.5
2025-02-27,1.4518702554455827,1.913034335934295,0.0,84668.1
2025-02-28,1.4518702554455827,1.904706008932831,0.0,84299.6
2025-03-01,1.4518702554455827,1.943299647975699,0.0,86007.7
2025-03-02,1.4518702554455827,2.128897522333074,0.0,94222.8
2025-03-03,1.4518702554455827,1.9474931843063334,0.0,86192.7
2025-03-04,1.4518702554455827,1.9712761387331952,0.0,87245.9
2025-03-05,1.4518702554455827,2.0462943463030863,0.0,90566.1
2025-03-06,1.4518702554455827,2.0309707668880206,0.0,89887.8
2025-03-07,1.4518702554455827,1.960157392891034,0.0,86753.8
2025-03-08,1.4518702554455827,1.9472988717392887,0.0,86184.7
2025-03-09,1.4331710918237774,1.823164773676226,0.2,80688.8
2025-03-10,1.440339556736408,1.7751989424461432,-0.2,78567.8
2025-03-11,1.4244702625230876,1.8729923904324095,-0.2,82896.0
2025-03-12,1.4219109037976945,1.8898185030693886,-0.2,83640.7
2025-03-13,1.421726055380201,1.8320850761726397,0.0,81085.4
2025-03-14,1.4115316118811325,1.8965787728437729,-0.2,83939.8
2025-03-15,1.4113481127715881,1.9047828301802672,0.0,84302.9
2025-03-16,1.4113481127715881,1.8649849051114142,0.0,82541.6
2025-03-17,1.4063038395496155,1.8971007054366484,-0.2,83962.9
2025-03-18,1.4106478835192875,1.8678001778851048,-0.2,82666.1
2025-03-19,1.3965062861792608,1.9614226840252775,-0.2,86809.8
2025-03-20,1.3963247403620576,1.902085048726185,0.0,84183.6
2025-03-21,1.3957010177935085,1.8990732039369955,0.2,84050.3
2025-03-22,1.3955195766611954,1.8935285174308658,0.0,83804.9
2025-03-23,1.3955195766611954,1.9441220872129572,0.0,86044.2
2025-03-24,1.3999419865376452,1.976190439120657,0.2,87463.4
2025-03-25,1.3996426737376826,1.974077854816162,0.2,87369.8
2025-03-26,1.3980535159930272,1.9628709904842945,0.2,86873.8
2025-03-27,1.3990747718146828,1.9700402204288538,0.2,87191.2
2025-03-28,1.3900556053421305,1.9065406810774832,0.2,84380.8
2025-03-29,1.3781720521812446,1.8664128765343453,0.4,82604.7
2025-03-30,1.3778137274476774,1.8607258447756134,0.0,82352.8
2025-03-31,1.3781847125744104,1.8644403780339984,0.2,82517.5
2025-04-01,1.3868813015384183,1.9232651185340321,0.2,85120.9
2025-04-02,1.378291927769959,1.8637083167349011,0.2,82485.1
2025-04-03,1.3827687090502139,1.8794476346655031,0.4,83181.5
2025-04-04,1.3848487439804686,1.8948051058073785,0.2,83861.3
2025-04-05,1.3836752916919635,1.8867772854502973,0.2,83506.1
2025-04-06,1.3495870752686812,1.7711839025433753,0.4,78390.0
2025-04-07,1.3492361826291113,1.7881297659484165,0.0,79140.0
2025-04-08,1.3587516065633223,1.7239139814371256,-0.2,76297.9
2025-04-09,1.3363488916032378,1.8660310297456182,-0.2,82588.0
2025-04-10,1.3461467673313239,1.7976239683521475,-0.2,79560.2
2025-04-11,1.3332267849841708,1.8838897103260779,-0.2,83378.3
2025-04-12,1.327279749534044,1.9259064137767643,-0.2,85237.8
2025-04-13,1.3221881600734955,1.8914701598892665,0.2,83713.7
2025-04-14,1.3273237411597176,1.9104517863513666,0.4,84553.9
2025-04-15,1.3213880285195283,1.8890932201156527,0.4,83608.7
2025-04-16,1.3237997877542491,1.8977130159676838,0.4,83990.0
2025-04-17,1.3296302370272712,1.9186083952703268,0.4,84915.0
2025-04-18,1.326536766392234,1.9074489793559937,0.4,84421.0
2025-04-19,1.332265308276418,1.9215908672296138,0.6000000000000001,85046.9
2025-04-20,1.3331300199239542,1.923669559807299,0.6000000000000001,85138.8
2025-04-21,1.3549930710277271,1.9762491847804613,0.6000000000000001,87466.0
2025-04-22,1.4101951039286935,2.1104355690153946,0.6000000000000001,93404.9
2025-04-23,1.412757136439324,2.1155712953513492,0.8,93632.1
2025-04-24,1.4163698953913624,2.122333824574188,0.8,93931.6
2025-04-25,1.4243350959209138,2.1372529627159866,0.8,94591.8
2025-04-26,1.424141152724617,2.1368891915148915,0.8,94575.7
2025-04-27,1.413555830440782,2.117035417949545,0.8,93697.1
2025-04-28,1.428907809832401,2.145775602284495,0.8,94969.0
2025-04-29,1.4196526868766566,2.128402703121647,0.8,94200.1
2025-04-30,1.4187496561049517,2.1267103762295965,0.8,94125.1
2025-05-01,1.4464598693930333,2.178632501702643,0.8,96423.3
2025-05-02,1.451356248079593,2.187851051394985,0.8,96831.2
2025-05-03,1.439030889415022,2.1646261807362626,0.8,95803.3
2025-05-04,1.420127661721289,2.1290827971063018,0.8,94230.2
2025-05-05,1.4257520968106168,2.1396231241442374,0.8,94696.7
2025-05-06,1.451072650180821,2.187121249544341,0.8,96798.9
2025-05-07,1.4533452236684063,2.191402904364682,0.8,96988.4
2025-05-08,1.528144212888572,2.33238345010081,0.8,103228.1
2025-05-09,1.5247559689291237,2.3259191680739004,0.8,102941.9
2025-05-10,1.551913684427605,2.3676489215709284,1.0,104788.8
2025-05-11,1.5413083011288304,2.351469011191795,1.0,104072.7
2025-05-12,1.5215607545702692,2.3213415255060856,1.0,102739.3
2025-05-13,1.541446033379464,2.351679139898018,1.0,104082.0
2025-05-14,1.5322061246514858,2.3375824409934776,1.0,103458.1
2025-05-15,1.5359989450157032,2.3433688884841857,1.0,103714.5
2025-05-16,1.5315263493499724,2.336545354153089,1.0,103412.2
2025-05-17,1.526599089157957,2.329028169146613,1.0,103079.6
2025-05-18,1.5758865009975342,2.4042226136959166,1.0,106407.6
2025-05-19,1.56291301158303,2.384429845238828,1.0,105531.6
2025-05-20,1.581699394371042,2.413090948877888,1.0,106800.1
2025-05-21,1.6233093439817619,2.476572412641627,1.0,109609.5
2025-05-22,1.653714108557078,2.5229588894023602,1.0,111662.7
2025-05-23,1.5886837523709052,2.423746507786978,1.0,107271.5
2025-05-24,1.595013511932274,2.433403390479398,1.0,107698.9
2025-05-25,1.6136295806469219,2.461804657546247,1.0,108955.9
2025-05-26,1.6200096939343287,2.471538361486103,1.0,109386.8
2025-05-27,1.6126402780294689,2.4602953459789716,1.0,108889.3
2025-05-28,1.5953704309903671,2.4339479175568135,1.0,107723.1
2025-05-29,1.563037414906183,2.384619638908965,1.0,105539.9
2025-05-30,1.5439960025362531,2.3486944084902777,0.8,103950.0
2025-05-31,1.5510625945980698,2.3621313484462485,0.8,104544.7
2025-06-01,1.5601072803283407,2.3856002395380034,0.6000000000000001,105583.3
2025-06-02,1.5621561315717696,2.3908218249152102,0.6000000000000001,105814.3
2025-06-03,1.5578662492049828,2.379879316052462,0.6000000000000001,105330.1
2025-06-04,1.5495195828818877,2.364327532343542,0.8,104641.8
2025-06-05,1.5210372339740874,2.2924070286040923,0.6000000000000001,101458.6
2025-06-06,1.5375186521785078,2.355251327903802,0.4,104240.0
2025-06-07,1.5449962011822829,2.3838875776098676,0.4,105507.5
2025-06-08,1.5459860999401904,2.387706045497137,0.4,105676.5
2025-06-09,1.5726204253914602,2.4905448418811975,0.4,110227.9
2025-06-10,1.572296004589244,2.4907120410667942,0.8,110235.4
2025-06-11,1.5536364766604316,2.453763280498442,0.8,108600.0
2025-06-12,1.5194084373805534,2.386189955584499,0.8,105609.5
2025-06-13,1.5228183249080212,2.3956321906737883,0.6000000000000001,106027.3
2025-06-14,1.5187855679317528,2.3805503722433015,0.4,105359.9
2025-06-15,1.519794057301821,2.384502147589357,0.4,105534.6
2025-06-16,1.5267951960637436,2.4119634840993402,0.4,106750.1
2025-06-17,1.5073561077103048,2.3613043903120827,0.6000000000000001,104508.0
2025-06-18,1.5090340338512713,2.3686430788906923,0.4,104832.8
2025-06-19,1.5081880838195412,2.3635435037300017,0.2,104607.1
2025-06-20,1.500143053162418,2.3327924102709865,0.4,103246.1
2025-06-21,1.493364620493665,2.30644046295192,0.4,102079.8
2025-06-22,1.4897322852016608,2.2798896841689014,0.2,100904.7
2025-06-23,1.5026839370525262,2.3789958717069455,0.2,105290.9
2025-06-24,1.5048072839307463,2.3958039087562923,0.2,106034.9
2025-06-25,1.511680222371741,2.4239385609055693,0.4,107280.0
2025-06-26,1.5096156140596504,2.415662201218547,0.4,106913.7
2025-06-27,1.5101623378369027,2.417849347322024,0.4,107010.7
2025-06-28,1.5119160500179323,2.4230528571115983,0.6000000000000001,107241.0
2025-06-29,1.5209578637244425,2.4472041016364634,0.6000000000000001,108309.8
2025-06-30,1.5138932777052185,2.419582344286246,0.4,107087.4
2025-07-01,1.5056972099485155,2.3868338983938897,0.4,105637.9
2025-07-02,1.5237254560517728,2.458279917957998,0.4,108800.0
2025-07-03,1.5297883708452664,2.4751150683887935,0.6000000000000001,109545.2
2025-07-04,1.5069099004015576,2.438742467176213,1.0,107935.4
2025-07-05,1.5091499580938934,2.4436703242543985,0.8,108153.4
2025-07-06,1.5202281519808163,2.4660930907119494,0.8,109145.8
2025-07-07,1.5069113469029416,2.444811345723671,1.0,108203.9
2025-07-08,1.5141723017537014,2.45993383422633,0.8,108873.1
2025-07-09,1.533390007345679,2.5125021619572223,0.6000000000000001,111199.9
2025-07-10,1.585915108243417,2.620490241367962,0.8,115979.2
2025-07-11,1.606504562085992,2.6548519334564777,1.0,117500.0
2025-07-12,1.6049923969407431,2.6523529834663475,1.0,117389.3
2025-07-13,1.6275367830890293,2.689609029024445,1.0,119038.3
2025-07-14,1.6381766286227766,2.7071920568935157,1.0,119816.5
2025-07-15,1.6097667917754703,2.6602429774677354,1.0,117738.5
2025-07-16,1.621417026135925,2.679495737744316,1.0,118590.7
2025-07-17,1.6294263059016272,2.6927315867878807,1.0,119176.6
2025-07-18,1.6119256604593288,2.6638106465766103,1.0,117896.4
2025-07-19,1.6108017908848313,2.661953379947418,1.0,117814.4
2025-07-20,1.6026229736164073,2.6484373592955572,1.0,117216.0
2025-07-21,1.6041829920890371,2.6510153899815774,1.0,117330.2
2025-07-22,1.640599374226195,2.7111957995540146,1.0,119993.7
2025-07-23,1.623094627070121,2.682268080997382,1.0,118713.5
2025-07-24,1.6173659001636185,2.6728009919750986,1.0,118294.3
2025-07-25,1.6093787932781758,2.6567363134671194,0.8,117583.5
2025-07-26,1.6127283067153706,2.663647966287922,0.8,117889.2
2025-07-27,1.62951861944545,2.698312424469275,0.8,119423.4
2025-07-28,1.6144328466648927,2.667086846834919,0.8,118041.4
2025-07-29,1.6130380103440387,2.6638242032673354,0.6000000000000001,117897.0
2025-07-30,1.6114491955478147,2.6609772982152884,0.8,117771.0
2025-07-31,1.5942143587856359,2.614120856176122,0.6000000000000001,115697.3
2025-08-01,1.573938289863085,2.5587078828416367,0.6000000000000001,113244.8
2025-08-02,1.5696419453507902,2.5420783422201563,0.4,112508.8
2025-08-03,1.5788057051223299,2.579180745283381,0.4,114150.8
2025-08-04,1.5835148380900075,2.598413170523876,0.4,115002.1
2025-08-05,1.5783788359247637,2.5773438136902747,0.4,114069.6
2025-08-06,1.5832018538633725,2.597032647518479,0.4,114941.0
2025-08-07,1.596859640294818,2.6530421152448214,0.4,117419.9
2025-08-08,1.5925529298403844,2.6351540618344598,0.4,116628.2
2025-08-09,1.5914272152744728,2.6304973385707546,0.4,116422.1
2025-08-10,1.6069185406716804,2.694512032169639,0.4,119255.3
2025-08-11,1.6036118716189773,2.680650315904315,0.4,118641.9
2025-08-12,1.618756111438589,2.713166038605908,0.8,120081.0
2025-08-13,1.66226308423442,2.7864399519693066,1.0,123323.9
2025-08-14,1.5937676643267293,2.6716215598821087,1.0,118242.2
2025-08-15,1.5807861937729588,2.649860811821582,1.0,117279.2
2025-08-16,1.5814695709477862,2.6510063521877627,1.0,117329.7
2025-08-17,1.5815238519337536,2.6515508792651783,0.8,117353.8
2025-08-18,1.5655466658080788,2.625108554007952,1.0,116183.6
2025-08-19,1.5379785405765853,2.5492023831956367,0.6000000000000001,112824.2
2025-08-20,1.5453926972844048,2.5807533214073697,0.4,114220.5
2025-08-21,1.5358768433715426,2.5410254392405904,0.4,112462.2
2025-08-22,1.560105693824071,2.6412387565210973,0.4,116897.5
2025-08-23,1.5477281901364064,2.6068861022263974,0.6000000000000001,115377.1
2025-08-24,1.532186934398477,2.563258412028005,0.6000000000000001,113446.3
2025-08-25,1.5226529412777814,2.4868416058650844,0.2,110064.0
2025-08-26,1.5272068957026104,2.524029867969561,0.2,111709.9
2025-08-27,1.5257984913127143,2.512391448982979,0.2,111194.9
2025-08-28,1.5256001375088437,2.5420444504933473,0.0,112507.3
2025-08-29,1.5256001375088437,2.447714736987071,0.0,108332.4
2025-08-30,1.5256001375088437,2.457330949607319,0.0,108757.9
2025-08-31,1.5256001375088437,2.4449130209041043,0.0,108208.4
2025-09-01,1.5256001375088437,2.467044318511088,0.0,109187.9
2025-09-02,1.5256001375088437,2.5122332875911986,0.0,111188.0
2025-09-03,1.5256001375088437,2.5228933653971968,0.0,111659.8
2025-09-04,1.5256001375088437,2.500746251651035,0.0,110679.4
2025-09-05,1.5256001375088437,2.4992843885012936,0.0,110614.9
2025-09-06,1.5240788801434495,2.4884480737158827,0.2,110135.3
2025-09-07,1.523880749889031,2.5096936675288966,0.0,111076.0
2025-09-08,1.523880749889031,2.5308692184398365,0.0,112012.6
2025-09-09,1.5206939785790972,2.519282766767696,0.4,111499.9
2025-09-10,1.5337700491307527,2.5734394867617545,0.4,113896.8
2025-09-11,1.5420125104788498,2.608013567004947,0.4,115427.0
2025-09-12,1.5449590158832287,2.620472165780334,0.4,115978.4
2025-09-13,1.544342515713757,2.6178579839190497,0.4,115862.7
2025-09-14,1.5389218191809537,2.603110563859756,0.6000000000000001,115210.0
2025-09-15,1.5396471334312922,2.6051553647106305,0.6000000000000001,115300.6
2025-09-16,1.551238903489436,2.637845064943182,0.6000000000000001,116747.3
2025-09-17,1.5473731779094946,2.630056746122225,0.8,116402.5
2025-09-18,1.55390815783486,2.643941056872089,0.8,117017.1
2025-09-19,1.53853069892695,2.6112355405003593,0.8,115569.5
2025-09-20,1.5391207129148539,2.6124872749438786,0.8,115624.9
2025-09-21,1.5353976547864556,2.60252084781326,0.6000000000000001,115183.9
2025-09-22,1.5076935311487687,2.54424515328755,0.8,112604.7
2025-09-23,1.5037790844836292,2.5293847608055557,0.4,111947.0
2025-09-24,1.5108012963714392,2.558913492650954,0.4,113254.0
2025-09-25,1.4877535989785295,2.461321135577094,0.4,108934.5
2025-09-26,1.487366783042795,2.4760956690178357,0.0,109588.5
2025-09-27,1.487366783042795,2.475840351342533,0.0,109577.3
2025-09-28,1.4940756459796798,2.533286828285623,0.2,112119.6
2025-09-29,1.499772124449952,2.581580279541537,0.2,114257.1
2025-09-30,1.4981679153019076,2.575515919890986,0.4,113988.8
2025-10-01,1.5221583271511423,2.6786213311926192,0.4,118552.4
2025-10-02,1.5463360942416386,2.7222128702157478,1.0,120481.3
2025-10-03,1.5681716952613263,2.7606528667637438,1.0,122182.7
2025-10-04,1.570232941087319,2.7642815409808765,1.0,122343.2
2025-10-05,1.5841392913517236,2.7887626649800263,1.0,123426.7
2025-10-06,1.599565264939899,2.815918975948719,1.0,124628.5
2025-10-07,1.55667184308144,2.7404082086158548,1.0,121286.5
2025-10-08,1.5817096908855934,2.7844855290565937,1.0,123237.5
2025-10-09,1.5604298304902238,2.7470238736891823,1.0,121579.3
2025-10-10,1.4466583018480563,2.5467373249323173,1.0,112714.9
2025-10-11,1.4404233309884573,2.4984777654032135,0.2,110579.1
2025-10-12,1.440236075955429,2.595982003987367,0.0,114894.4
2025-10-13,1.4405941304559169,2.6008963043748294,0.2,115111.9
2025-10-14,1.4352676165059841,2.552812981825138,0.2,112983.8
2025-10-15,1.4294627196132537,2.50118910354802,0.2,110699.0
2025-10-16,1.429276889459704,2.44312805662544,0.0,108129.4
2025-10-17,1.429276889459704,2.4035673736442575,0.0,106378.6
2025-10-18,1.4271052768935535,2.4202646977193583,-0.2,107117.5
2025-10-19,1.4231918369417742,2.453449217163337,-0.2,108586.2
2025-10-20,1.423006822002972,2.496010447691439,0.0,110469.9
2025-10-21,1.423006822002972,2.445938810502223,0.0,108253.7
2025-10-22,1.423006822002972,2.4296323710096654,0.0,107532.0
2025-10-23,1.4162213151522398,2.4859807560041087,-0.2,110025.9
2025-10-24,1.41603720638127,2.5072060147810364,0.0,110965.4
2025-10-25,1.417445703046029,2.521304973134031,0.2,111589.4
2025-10-26,1.42483465007381,2.5870210314187814,0.2,114497.8
2025-10-27,1.4224906019307324,2.5772218034737597,0.4,114064.1
2025-10-28,1.4163513954705242,2.549414771350314,0.4,112833.5
2025-10-29,1.4020519998507464,2.4850679388286907,0.4,109985.6
2025-10-30,1.3974794610119792,2.446160236450716,0.2,108263.5
2025-10-31,1.4008190496285873,2.475388461651731,0.2,109557.3
2025-11-01,1.4020723518601577,2.4864620185248127,0.2,110047.2
2025-11-02,1.4032128933994639,2.4965753098049412,0.2,110494.9
2025-11-03,1.3931781246987693,2.4073067608356373,0.2,106544.0
2025-11-04,1.406137288106258,2.2922149754855043,-0.2,101450.3
2025-11-05,1.3995209019793662,2.3461434911857078,-0.2,103837.0
2025-11-06,1.4063445721764456,2.288947813021012,-0.2,101305.6
2025-11-07,1.4007925252195523,2.3341300037557606,-0.2,103305.2
2025-11-08,1.4036021023779897,2.3107221177722637,-0.2,102269.3
2025-11-09,1.3970104662004652,2.364980512946752,-0.2,104670.6
2025-11-10,1.3935520642598853,2.3942539271168477,-0.2,105966.3
2025-11-11,1.4013387113094498,2.3273629556360147,-0.2,103005.8
2025-11-12,1.4051479612659243,2.2957306772799377,-0.2,101605.8
2025-11-13,1.410545578816124,2.25163754070002,-0.2,99654.3
2025-11-14,1.425009664320519,2.136193281391062,-0.2,94544.9
2025-11-15,1.421948478970241,2.159137980441488,-0.2,95560.3
2025-11-16,1.4259324774231514,2.128890743987716,-0.2,94221.7
2025-11-17,1.4321430867635148,2.082529121159977,-0.2,92169.7
2025-11-18,1.4298216954057983,2.099407201111398,-0.2,92916.9
2025-11-19,1.434154395160401,2.0675986857759083,-0.2,91508.9
2025-11-20,1.4495370484725105,1.9567139934471334,-0.2,86601.3
2025-11-21,1.4545845695557422,1.9226460296576384,-0.2,85093.5
2025-11-22,1.4559664433582715,1.9135133390065477,-0.2,84689.4
2025-11-23,1.4486832931167501,1.961372976159293,-0.2,86807.7
2025-11-24,1.443878691675306,1.9938977366547024,-0.2,88247.1
2025-11-25,1.4468990742882561,1.9730430274242314,-0.2,87324.1
2025-11-26,1.4365800466030556,2.0433999928335087,-0.2,90438.1
2025-11-27,1.433866305308891,2.0627002015276235,-0.2,91292.2
2025-11-28,1.4352622847815717,2.052659212598023,-0.2,90847.8
2025-11-29,1.43507570068455,2.0507861298296524,0.0,90765.0
2025-11-30,1.43507570068455,2.040745140900052,0.0,90320.6
2025-12-01,1.4219271360204313,1.9485822384611668,0.2,86241.6
2025-12-02,1.4384399339804297,2.061726379243947,0.2,91249.1
2025-12-03,1.4451480958089413,2.1098006639998226,0.2,93376.7
2025-12-04,1.4409938877842818,2.0794766062986145,0.2,92034.7
2025-12-05,1.4323947109189379,2.017429892303169,0.2,89288.5
2025-12-06,1.432101136787304,2.015362496967754,0.2,89197.1
2025-12-07,1.4357884354447106,2.0413077435650995,0.2,90345.4
2025-12-08,1.436631994166609,2.04730431976203,0.2,90610.8
2025-12-09,1.4430611866429426,2.093114637166992,0.2,92638.4
2025-12-10,1.4410024812648567,2.0781842017829235,0.2,91977.5
2025-12-11,1.4439491580239396,2.089483703501405,0.4,92477.5
2025-12-12,1.4299096357512076,2.038693561703815,0.4,90229.6
2025-12-13,1.4296020391696773,2.037825933497477,0.2,90191.3
2025-12-14,1.4230318927671326,1.9909988642882126,0.2,88118.8
2025-12-15,1.422846898621073,1.9519375194153652,0.0,86389.9
2025-12-16,1.4273931126902193,1.9843899775602463,0.2,87826.3
2025-12-17,1.432303063667853,1.9476807185280187,-0.2,86201.6
2025-12-18,1.4347349428487317,1.9311460747416065,-0.2,85469.7
2025-12-19,1.4259045961141408,1.9905740879788596,-0.2,88100.0
2025-12-20,1.4262482698734356,1.9955606907168497,0.2,88320.8
2025-12-21,1.4272191186776773,2.0023525927695904,0.2,88621.3
2025-12-22,1.4270909252954467,2.001453332284896,0.2,88581.5
2025-12-23,1.4234873320150203,1.9761836607752987,0.2,87463.0
2025-12-24,1.4233022786618583,1.9798959345852296,0.0,87627.3
2025-12-25,1.4245615469097634,1.9698504267587214,-0.2,87182.8
2025-12-26,1.4246339732274425,1.9729119794138987,0.2,87318.2
2025-12-27,1.426302060872561,1.9844622799107747,0.2,87829.4
2025-12-28,1.4265972939259959,1.9865161185554656,0.2,87920.5
2025-12-29,1.421756918514883,1.9703113542433381,0.4,87203.3
2025-12-30,1.4338196199903932,1.9985996488874873,0.6000000000000001,88455.3
2025-12-31,1.4281420738582216,1.9794643799305147,0.4,87608.2
2026-01-01,1.4359126476938824,2.0063902271568983,0.4,88800.0
2026-01-02,1.4433606360444209,2.032407776104772,0.4,89951.4
2026-01-03,1.4474960079183905,2.04696540249393,0.4,90595.8
2026-01-04,1.4559491141691674,2.067332070858335,0.6000000000000001,91497.1
2026-01-05,1.485358362141086,2.1198665068624174,0.8,93822.4
2026-01-06,1.4833572953277767,2.117286216727943,1.0,93708.0
2026-01-07,1.4456829602075458,2.063511343522612,1.0,91328.0
2026-01-08,1.4414358912526055,2.057449243320515,1.0,91059.8
2026-01-09,1.4354726174444443,2.047143898921796,0.8,90603.6
2026-01-10,1.433774202649132,2.0441162379934283,0.8,90469.6
2026-01-11,1.4414278744551947,2.0552937294953937,1.0,90964.4
2026-01-12,1.4459931260330707,2.0618032004913838,1.0,91252.6
2026-01-13,1.5113217018057514,2.1549534819046694,1.0,95375.2
2026-01-14,1.535610551575166,2.189586307807666,1.0,96907.9
2026-01-15,1.5143673156664517,2.1592961418332677,1.0,95567.3
2026-01-16,1.5133595058769589,2.1578591326165206,1.0,95503.7
2026-01-17,1.5070860483980242,2.1489139761871128,1.0,95107.9
2026-01-18,1.4834136105910514,2.1151600757327245,1.0,93614.0
2026-01-19,1.4671809007112313,2.092014285769892,1.0,92589.6
2026-01-20,1.4006448547190635,1.9971423046346541,1.0,88390.6
2026-01-21,1.4099851347184913,2.020204495004688,0.6000000000000001,89411.4
2026-01-22,1.4109975452796606,2.022622104850474,0.6000000000000001,89518.5
2026-01-23,1.4110682005738173,2.0235326625774377,0.4,89558.7
2026-01-24,1.4073113482047537,2.0149919474212967,0.6000000000000001,89180.7
2026-01-25,1.3910209794277741,1.9573353417719839,0.4,86628.9
2026-01-26,1.3962087240950811,1.9951065415775944,0.2,88300.6
2026-01-27,1.3990460286371977,2.0153783131069316,0.2,89197.8
2026-01-28,1.3992464798618467,2.016822100669041,0.2,89261.7
2026-01-29,1.3698637409242829,1.9115995861660042,0.4,84604.7
2026-01-30,1.3706031051278413,1.9027131753964006,-0.2,84211.4
2026-01-31,1.3885217216400882,1.7783373163487592,-0.2,78706.8
2026-02-01,1.3947848857876979,1.7382298468417074,-0.2,76931.5
2026-02-02,1.3883997938218906,1.7780164746682903,-0.2,78692.5
2026-02-03,1.3988450134544912,1.7111345409812728,-0.2,75732.4
2026-02-04,1.4084310372049944,1.6525041130482838,-0.2,73137.4
2026-02-05,1.4479832277870432,1.4204723135126414,-0.2,62868.1
2026-02-06,1.4126225330951903,1.593916614635921,-0.2,70544.5
2026-02-07,1.4177896704119177,1.5647652106823418,-0.2,69254.2
2026-02-08,1.4135564235514662,1.5881256482483046,-0.2,70288.1
2026-02-09,1.4142707614369796,1.584112867793991,-0.2,70110.5
2026-02-10,1.419536862782293,1.554620287123857,-0.2,68805.3
2026-02-11,1.4267598507739168,1.5150686419364905,-0.2,67054.4
2026-02-12,1.430213617826799,1.4967309582837816,-0.2,66243.1
2026-02-13,1.4190803399330896,1.554986317773406,-0.2,68821.5
2026-02-14,1.4150640300791606,1.5769910862669656,-0.2,69795.4
2026-02-15,1.4191128396970838,1.5544304934537205,-0.2,68796.9
2026-02-16,1.4189283550279232,1.5559149510880024,0.0,68862.5
2026-02-17,1.4189283550279232,1.5245831793763076,0.0,67475.9
2026-02-18,1.4231729525704997,1.5007889277071758,-0.2,66422.8
2026-02-19,1.4208113821032458,1.5132407481372,-0.2,66974.0
2026-02-20,1.416545589716759,1.5359572428937718,-0.2,67979.3
2026-02-21,1.4163614387900958,1.5349156371564752,0.0,67933.1
2026-02-22,1.4163614387900958,1.5276944398974737,0.0,67613.5
2026-02-23,1.4163614387900958,1.4601866389886968,0.0,64625.8
2026-02-24,1.4187827270991635,1.446756477378088,-0.2,64031.3
2026-02-25,1.4014062869425263,1.5353517107080983,-0.2,67952.5
2026-02-26,1.4012241041252238,1.5239550527060945,0.0,67448.2
2026-02-27,1.3943437181231464,1.4875304841790713,0.2,65836.0
2026-02-28,1.3893175626744927,1.512407011657672,-0.2,66937.1
2026-03-01,1.3942453571040336,1.4855850990601724,-0.2,65750.0
2026-03-02,1.3940641052076101,1.554541206427967,0.0,68801.8
2026-03-03,1.3940641052076101,1.5430948405599747,0.0,68295.3
2026-03-04,1.3940641052076101,1.6412949892679622,0.0,72641.4
2026-03-05,1.3870255340078432,1.6009276831887,0.2,70854.8
2026-03-06,1.3651413565879635,1.538300290940575,0.4,68083.0
2026-03-07,1.3615515862263223,1.5190746440454421,0.2,67232.1
2026-03-08,1.361374584520113,1.4897515220093585,0.0,65934.3
2026-03-09,1.351040303583731,1.5453271756325322,-0.2,68394.1
2026-03-10,1.3566459842108718,1.5793951394220274,0.2,69901.9
2026-03-11,1.3583964348973885,1.5850030904848689,0.4,70150.0
2026-03-12,1.3609532797336517,1.5924615298315412,0.4,70480.1
2026-03-13,1.3641617881915078,1.6018472787094802,0.4,70895.5
2026-03-14,1.3672043811976768,1.6081488804477015,0.6000000000000001,71174.4
2026-03-15,1.3856959403188795,1.644399471443766,0.6000000000000001,72778.9
2026-03-16,1.40931599115404,1.6911158276787839,0.6000000000000001,74846.4
2026-03-17,1.3983109351434653,1.6691065402883165,0.6000000000000001,73872.4
2026-03-18,1.367993878192982,1.6087928232570932,0.6000000000000001,71202.9
2026-03-19,1.3528293614660267,1.5790697788446506,0.6000000000000001,69887.4
2026-03-20,1.359626086560936,1.5922920711974913,0.6000000000000001,70472.7
2026-03-21,1.3412078553647508,1.5563419868458093,0.6000000000000001,68881.5
2026-03-22,1.3289316312893407,1.5325997024911193,0.6000000000000001,67830.6
2026-03-23,1.352545775991027,1.601180741415549,0.4,70865.9
2026-03-24,1.3484535056583098,1.5934534277028503,0.6000000000000001,70523.9
2026-03-25,1.354194086610842,1.6109302614945828,0.4,71297.5
2026-03-26,1.3254205620210533,1.5542316619897685,0.6000000000000001,68788.0
2026-03-27,1.2973969407056887,1.4994626314646746,0.6000000000000001,66364.2
2026-03-28,1.296999156849873,1.498800613067651,0.4,66334.8
2026-03-29,1.2954352934902205,1.4907389009837593,0.2,65977.9
2026-03-30,1.298523384413864,1.5085072036260585,0.2,66764.4
2026-03-31,1.3042687188698894,1.5418792572917202,0.2,68241.5
2026-04-01,1.3036762291160893,1.5383771121880117,0.2,68086.5
2026-04-02,1.2941796790637468,1.5108615489151327,0.4,66868.5
2026-04-03,1.2942491037059782,1.512248850265892,0.2,66930.0
2026-04-04,1.2940808513224964,1.519955828942505,0.0,67271.0
2026-04-05,1.3005562428547632,1.558971984846272,0.2,68997.9
2026-04-06,1.2990300270723685,1.5549049776290622,0.4,68817.9
2026-04-07,1.333657419420866,1.624322012481474,0.6000000000000001,71890.2
2026-04-08,1.3241739895123672,1.605071511653347,0.6000000000000001,71038.1
2026-04-09,1.334622349275049,1.6211633035427744,0.8,71750.4
2026-04-10,1.3561561041006776,1.6475310670010188,1.0,72917.4
2026-04-11,1.3579415625234088,1.649700137516864,1.0,73013.4
2026-04-12,1.3151240377232847,1.5976831152087492,1.0,70711.1
2026-04-13,1.3557773467709007,1.6806884730635496,0.6000000000000001,74385.0
2026-04-14,1.3515475192248678,1.6744072063614142,0.8,74106.9
2026-04-15,1.3613142309277635,1.6895319543125273,0.8,74776.2
2026-04-16,1.3661276742601738,1.6969994314530157,0.8,75106.8
2026-04-17,1.400942334285645,1.7404667008111738,1.0,77030.6
2026-04-18,1.3759027083987316,1.709358614496426,1.0,75653.8
2026-04-19,1.3414313930979938,1.6665330284992053,1.0,73758.4
2026-04-20,1.378381573163684,1.7124382427392355,1.0,75790.1
2026-04-21,1.3874422512700613,1.723694814937091,1.0,76288.2
2026-04-22,1.414198759644352,1.765526243614549,0.8,78139.8
2026-04-23,1.4154211547256985,1.767281835063311,1.0,78216.8
2026-04-24,1.4005444427498468,1.748706909322932,1.0,77395.4
2026-04-25,1.4039772517290696,1.7529930830401805,1.0,77585.0
2026-04-26,1.4226052620781047,1.776251845425713,1.0,78613.5
2026-04-27,1.3993844899002514,1.7472586028639143,1.0,77331.2
2026-04-28,1.3806913339933606,1.7239185003340374,1.0,76298.1
2026-04-29,1.3707693036121908,1.711529944460725,1.0,75749.9
2026-04-30,1.380821625109072,1.7240811806227259,1.0,76305.4
2026-05-01,1.4149597070242215,1.76670567570754,1.0,78192.0
2026-05-02,1.4233001480285645,1.7771194736320517,1.0,78652.9
2026-05-03,1.4210598646778645,1.7743222764459927,1.0,78529.0
2026-05-04,1.4445321710929935,1.8036295823428983,1.0,79826.1
2026-05-05,1.463275995767105,1.8270329494294872,1.0,80861.9
2026-05-06,1.4728324871847518,1.8389650967150903,1.0,81390.1
2026-05-07,1.4471271358142401,1.8068696314259418,1.0,79969.4
2026-05-08,1.45048756084029,1.8110654272050302,1.0,80155.2
2026-05-09,1.4591519200350815,1.8218836664028089,1.0,80634.0
2026-05-10,1.487086697163317,1.856762772187292,1.0,82177.7
2026-05-11,1.4784259571661846,1.8459490518864219,1.0,81699.1
2026-05-12,1.4560213140603553,1.8179748205773794,1.0,80461.0
2026-05-13,1.434798338990073,1.7914760091088027,1.0,79288.3
2026-05-14,1.4666581359791069,1.8312558585900238,1.0,81048.9
2026-05-15,1.4309221782976662,1.7866362705203227,1.0,79074.0
2026-05-16,1.4133744984497358,1.7647263988618311,1.0,78104.2
2026-05-17,1.4034348505562992,1.7494999757302876,0.8,77430.4
2026-05-18,1.398171571984204,1.7389438325531739,0.6000000000000001,76963.2
2026-05-19,1.3963926833682332,1.735256412676237,0.6000000000000001,76799.9
2026-05-20,1.4041415718291428,1.7513052750450382,0.6000000000000001,77510.3
2026-05-21,1.404967640824817,1.7530224558700822,0.6000000000000001,77586.2
2026-05-22,1.3897680195450748,1.70617957052164,0.4,75513.1
2026-05-23,1.398618293805287,1.7333426598356942,0.4,76715.2
2026-05-24,1.4009154353796465,1.7404599224658117,0.4,77030.3
2026-05-25,1.402742819966581,1.7461356569822737,0.4,77281.5
2026-05-26,1.3927531906452453,1.7150479057036119,0.4,75905.5
2026-05-27,1.3818351047785695,1.6814363505018257,0.4,74418.1
2026-05-28,1.3785857118608673,1.6627597495810158,0.2,73591.4
2026-05-29,1.3779742676209814,1.659072329704079,0.2,73428.2
2026-05-30,1.3795832885925674,1.6687585852264004,0.2,73856.8
2026-05-31,1.3788223004766667,1.6641560887255913,0.2,73653.2
2026-06-01,1.3703542844312318,1.6130541430413485,0.2,71391.5
2026-06-02,1.387893034336141,1.5077322128063355,-0.2,66730.0
2026-06-03,1.3987598898118554,1.4487063813938952,-0.2,64117.7
2026-06-04,1.3999130573112426,1.4427346591299588,-0.2,63853.4
2026-06-05,1.4123281012414675,1.3787606356032465,-0.2,61022.0
2026-06-06,1.4131256632087708,1.3748676059169949,-0.2,60849.7
2026-06-07,1.4017495391296142,1.430208276900952,-0.2,63298.5
2026-06-08,1.402817365837411,1.4247607466783447,-0.2,63057.9
2026-06-09,1.4088817608446549,1.3939644642502496,-0.2,61695.0
2026-06-10,1.4098468218661218,1.389190249666936,-0.2,61483.7
2026-06-11,1.4001499917515752,1.4369640277784286,-0.2,63597.9
2026-06-12,1.4003745511703598,1.4358117090668858,-0.2,63547.0
2026-06-13,1.3965344128587645,1.455498283446636,-0.2,64418.2
2026-06-14,1.390968072613126,1.4845050826991588,-0.2,65702.1
2026-06-15,1.393078327172316,1.4976957427736428,0.2,66285.9
2026-06-16,1.3903836288562332,1.4832104187350137,0.2,65644.8
2026-06-17,1.385419364894254,1.4567319423025231,0.2,64472.9
2026-06-18,1.378762688820168,1.4217353451984316,0.2,62924.1
2026-06-19,1.3813416788474093,1.4350321993502542,0.2,63512.6
2026-06-20,1.3877529610693153,1.4521497808377999,0.4,64270.0
2026-06-21,1.379263648711407,1.4299416619833796,0.4,63287.1
2026-06-22,1.3853911716144853,1.4458233251665844,0.4,63990.2
2026-06-23,1.3741902830935038,1.416599618862477,0.4,62696.7
2026-06-24,1.3667984034948018,1.3794203945518162,0.2,61051.2
2026-06-25,1.3721707153584561,1.3505175299281778,-0.2,59771.9
2026-06-26,1.3707937696396044,1.3572936158417404,-0.2,60072.0
2026-06-27,1.3711200844541156,1.3556781101971265,-0.2,60000.3
2026-06-28,1.37317766494365,1.3455060732571935,-0.2,59550.2
2026-06-29,1.3700669840894983,1.3607460530794608,-0.2,60224.7
2026-06-30,1.3774345574185016,1.3241588042637495,-0.2,58605.4
2026-07-01,1.3708808294004253,1.3556600346094942,-0.2,59999.6
2026-07-02,1.3638394815580293,1.3904758758372653,-0.2,61540.6
2026-07-03,1.3592963417765942,1.413635222490822,-0.2,62565.5
2026-07-04,1.361330174602414,1.4260486322971282,0.2,63114.8
2026-07-05,1.3634970041361778,1.4373978418815978,0.2,63617.1
2026-07-06,1.3652386363764542,1.4465779809502224,0.2,64023.6
2026-07-07,1.3623040242240707,1.4310307161382105,0.2,63335.4
2026-07-08,1.3528322993421538,1.406621894489589,0.4,62255.3
2026-07-09,1.3610203387219335,1.4279058989263211,0.4,63197.0
2026-07-10,1.3690524500930206,1.4489729963114686,0.4,64129.5
2026-07-11,1.3644374534750818,1.4411462668667934,0.6000000000000001,63783.0
2026-07-12,1.364011328152336,1.4403961299800636,0.6000000000000001,63750.0
2026-07-13,1.3514849241217992,1.4077945482372178,0.4,62307.0
2026-07-14,1.3749768629444172,1.4689713745778712,0.4,65014.7
2026-07-15,1.3724965387328383,1.462346671710727,0.4,64721.4
2026-07-16,1.3646901033677452,1.4415529675885141,0.4,63801.0
2026-07-17,1.3659090170711115,1.4440112475064721,0.6000000000000001,63909.9
2026-07-18,1.3733981622344433,1.4642739812419934,0.4,64806.7
2026-07-19,1.3724495982473617,1.4617456584219615,0.4,64694.7
2026-07-20,1.376946163919479,1.4737184757797366,0.4,65224.8
2026-07-21,1.3879035180647765,1.5030370789189123,0.4,66522.4
2026-07-22,1.3842289973762019,1.493088727375926,0.4,66082.0
2026-07-23,1.3713249160402132,1.4702140712275742,0.6000000000000001,65069.6
2026-07-24,1.359273115099578,1.4486792680124476,0.6000000000000001,64116.5
2026-07-25,1.3609747341756173,1.45368394633807,0.4,64338.1
2026-07-26,1.3697509037443758,1.477118945703015,0.4,65375.1
2026-07-27,1.3487736382330846,1.4397363710314937,0.6000000000000001,63720.8
2026-07-28,1.3516954475461993,1.4438689022538695,0.8,63903.6
2026-07-29,1.3518118912199086,1.4451183772489347,0.4,63958.9
2026-07-30,1.3585000511922913,1.4629928739685725,0.4,64750.0
2026-07-31,1.3426378059613506,1.4202870387394142,0.4,62859.9
2026-08-01,1.342060252922399,1.4187596515845065,0.4,62792.3
2026-08-02,1.3417113172566393,1.4358794925205063,0.0,63550.0
2026-08-03,1.3413135225472121,1.4346842442883374,0.2,63497.2
2026-08-04,1.3460272482396296,1.4477551535947593,0.4,64075.5
2026-08-05,1.3507193408016471,1.4603719137619262,0.4,64633.9
2026-08-06,1.3479265361987334,1.4528230964770938,0.4,64300.0
2026-08-07,1.3551169076824485,1.46605442662375,0.6000000000000001,64885.4
2026-08-08,1.3556608483783228,1.4670282489074264,0.8,64928.5
2026-08-09,1.3546452813760292,1.4656545042473912,0.8,64867.8
2026-08-10,1.3391332628551897,1.4446755253519499,0.8,63939.3
