symbol,笔数,胜率,期望R,总R,多/空,止损宽度,币价涨跌,日均成交额,年化波动,rule
1000LUNCUSDT,10,0.2,-0.41517657549676823,-4.151765754967682,6/4,0.1347546451149885,-0.6800399201596806,23133002.466035,1.062389461627899,A 密集突破
1000RATSUSDT,4,0.0,-1.0085045738873568,-4.034018295549427,3/1,0.14369418197255768,-0.9101381953315526,16526907.611005,1.9195912947232947,A 密集突破
1000SATSUSDT,4,0.0,-0.8526376038132168,-3.4105504152528674,1/3,0.19157320649801463,-0.9812545454545455,45867129.9106647,1.3327999782464062,A 密集突破
1000XECUSDT,8,0.25,-0.011481346445923912,-0.0918507715673913,5/3,0.11913044690750257,-0.7065610859728506,4782859.831695,0.931348538165273,A 密集突破
1INCHUSDT,11,0.45454545454545453,0.5987579751014933,6.586337726116426,6/5,0.15690072740948696,-0.7846952010376135,13217573.19145,0.8520523403708453,A 密集突破
AAVEUSDT,8,0.375,0.3647286944040801,2.917829555232641,8/0,0.11579169439334958,0.6592436168170475,92689158.3555,0.8938253727915497,A 密集突破
ACEUSDT,1,0.0,-1.0054139777545668,-1.0054139777545668,0/1,0.24011919866191203,-0.9817699229623875,7347945.822764,1.4149099514999004,A 密集突破
ACHUSDT,11,0.09090909090909091,-0.7061286472830685,-7.767415120113753,8/3,0.18151038246581747,-0.908960810215764,11468328.295704499,1.0760650605765107,A 密集突破
ADAUSDT,12,0.16666666666666666,-0.4558172087447776,-5.469806504937331,5/7,0.1463989708598144,-0.27942353883106485,252253826.3764,0.8764006719792905,A 密集突破
AEVOUSDT,1,0.0,-1.0071413804306093,-1.0071413804306093,1/0,0.18203763440860207,-0.993984520123839,9208007.74261,1.179192790989905,A 密集突破
AGLDUSDT,7,0.42857142857142855,0.2555722620493732,1.7890058343456126,4/3,0.20109760757184036,-0.7838774150566289,6366980.5359,1.3288607413806914,A 密集突破
ALGOUSDT,8,0.375,0.49245941487588646,3.9396753190070917,4/4,0.16110417895462192,-0.5507058159232072,30455845.58125,0.8812357385211553,A 密集突破
ALICEUSDT,11,0.18181818181818182,-0.28011800379567064,-3.081298041752377,6/5,0.16510611735330827,-0.8492944496707432,9128601.38575,1.1323186277418935,A 密集突破
ALTUSDT,1,0.0,-1.006747215801639,-1.006747215801639,1/0,0.1926720647773279,-0.9817055755619024,13400340.03177,1.1363421300342793,A 密集突破
ANKRUSDT,9,0.4444444444444444,0.26809188357601393,2.4128269521841252,2/7,0.14568218954248355,-0.7850383631713556,7884265.092695,0.8377946217041778,A 密集突破
APEUSDT,7,0.2857142857142857,0.3327323307709147,2.329126315396403,4/3,0.20354397070236713,-0.9680900621118013,49650070.14965,1.0605911722905645,A 密集突破
API3USDT,8,0.25,-0.008286128597037784,-0.06628902877630227,4/4,0.17448130530407108,-0.8135375494071146,10511999.14481,1.207823101655261,A 密集突破
ARKMUSDT,5,0.4,0.5933408319639245,2.9667041598196224,4/1,0.19334261192298766,-0.8319188191881919,24612118.240450002,1.225011527785685,A 密集突破
ARKUSDT,10,0.4,0.23703860225432197,2.3703860225432196,4/6,0.15626396246332674,-0.8586420734615996,7122542.9016,1.088841162948298,A 密集突破
ARPAUSDT,10,0.3,-0.09762036526712248,-0.9762036526712248,6/4,0.12513250267893386,-0.6829323308270676,6628525.47933,1.0558433584259561,A 密集突破
ARUSDT,7,0.2857142857142857,0.13588917088435043,0.9512241961904531,6/1,0.17941162940472907,-0.7268154668343288,19627121.42515,1.1404429543765378,A 密集突破
ASTRUSDT,9,0.3333333333333333,0.3799951289692915,3.4199561607236233,4/5,0.16331797948554733,-0.9431620154059857,6607235.979049999,0.8584672642335706,A 密集突破
ATOMUSDT,9,0.4444444444444444,0.5448587420917284,4.903728678825555,4/5,0.13904453233721512,-0.8402961396086727,56883357.58292,0.7407365276001256,A 密集突破
AUCTIONUSDT,8,0.25,-0.09879704264877043,-0.7903763411901634,4/4,0.14573682168605134,-0.8998223801065719,11515474.945085,1.2222222503555868,A 密集突破
AVAXUSDT,10,0.4,0.5161962095640926,5.161962095640926,8/2,0.16624010404527814,-0.4038674033149171,220123345.986,0.8699347696270143,A 密集突破
AXLUSDT,6,0.5,0.8802202566640979,5.281321539984587,3/3,0.14915719113828932,-0.9819755961723458,8134723.929513,1.158366990834731,A 密集突破
AXSUSDT,8,0.375,0.22583078048964328,1.8066462439171462,4/4,0.16463495185822485,-0.8590794052515027,31060053.726499997,0.9838035181541251,A 密集突破
BANDUSDT,10,0.4,0.11485427230258613,1.1485427230258614,6/4,0.16098757412062425,-0.8886355539722124,6384257.13319,0.9330414019914545,A 密集突破
BATUSDT,5,0.0,-1.0108467202025198,-5.054233601012599,3/2,0.1184247050659266,-0.6631766805472933,6861760.31123,0.8221603787834777,A 密集突破
BBUSDT,2,1.0,2.9944326361881464,5.988865272376293,1/1,0.23372257316061468,-0.9723299888517279,12281002.00494,1.3348578759484042,A 密集突破
BCHUSDT,10,0.3,0.2878585572551387,2.878585572551387,5/5,0.10432391580297676,1.1165770979743694,139766031.60847998,0.8314204126091417,A 密集突破
BEAMXUSDT,3,0.6666666666666666,0.8428677850583277,2.528603355174983,1/2,0.18422789393762393,-0.8338427680645556,10804872.9369515,1.0650199073967002,A 密集突破
BELUSDT,12,0.4166666666666667,0.6552858876444797,7.863430651733757,7/5,0.12863486061835167,-0.7263934843471622,8696754.009599999,1.1546560367752345,A 密集突破
BICOUSDT,5,0.2,-0.20871763899894877,-1.0435881949947439,4/1,0.17099074787972243,-0.9025272161741835,3837992.96345,1.347130708386574,A 密集突破
BIGTIMEUSDT,4,0.5,0.4033066674620332,1.6132266698481328,2/2,0.22398885533987134,-0.980874857360213,17008409.20025,1.371957715295625,A 密集突破
BLURUSDT,4,0.25,-0.00602543361196084,-0.02410173444784336,2/2,0.21860280180492114,-0.980911598200029,16195241.6773,1.0863371744207024,A 密集突破
BNTUSDT,7,0.14285714285714285,-0.7946595326604852,-5.5626167286233965,4/3,0.1187984265109071,-0.5824442289039768,2526440.66745,0.8392767414797341,A 密集突破
BOMEUSDT,4,0.25,-0.006160982904742929,-0.024643931618971715,3/1,0.21963499948225557,-0.9619967329681944,37562816.4982405,1.307288362735259,A 密集突破
BSVUSDT,9,0.4444444444444444,0.35136969964438425,3.1623272967994582,4/5,0.13094286667802382,-0.7243636363636363,5391179.2285,0.9294581712448093,A 密集突破
C98USDT,6,0.3333333333333333,0.325319214578511,1.951915287471066,3/3,0.17461330202564523,-0.9129861982434128,8643650.043699998,1.0340867379459555,A 密集突破
CAKEUSDT,10,0.2,-0.21285657634728042,-2.128565763472804,4/6,0.12417330324578496,-0.08784604564925513,17855764.4903,0.9883729574463703,A 密集突破
CELOUSDT,9,0.3333333333333333,0.01611908168163378,0.14507173513470403,4/5,0.18034608024391038,-0.8747708333333333,19703711.08915,0.9525043504868691,A 密集突破
CELRUSDT,8,0.25,-0.008901539296814254,-0.07121231437451403,6/2,0.15017962427648296,-0.7924843423799582,5135933.90803,0.9479899647531008,A 密集突破
CFXUSDT,10,0.7,1.5017581375498041,15.017581375498041,6/4,0.2058367013357833,-0.8687404229236899,36254900.46523,1.2789576943767922,A 密集突破
CHRUSDT,7,0.2857142857142857,0.13421994315604685,0.9395396020923279,6/1,0.15358575727181537,-0.8734463276836159,7895830.827199999,0.9867897633834918,A 密集突破
CHZUSDT,8,0.375,0.4891515330873808,3.9132122646990464,7/1,0.13066250443523664,-0.8757911392405063,23834080.98032,0.8655338410513977,A 密集突破
CKBUSDT,4,0.5,0.7657427391113485,3.062970956445394,2/2,0.16214153454287847,-0.8447977422389463,5686566.66447,1.13059448560217,A 密集突破
COMPUSDT,11,0.36363636363636365,-0.05141450177520883,-0.5655595195272971,6/5,0.1646985423401962,-0.488261421319797,16433391.868250001,0.9050015670262898,A 密集突破
COTIUSDT,15,0.3333333333333333,0.32438248065133796,4.865737209770069,7/8,0.14743464371862575,-0.7940971550222566,9108185.824275,1.209269926479031,A 密集突破
CRVUSDT,11,0.2727272727272727,0.08287856451318386,0.9116642096450225,7/4,0.16883647676892874,-0.547438330170778,87579971.91119999,1.0029087036498416,A 密集突破
CTSIUSDT,10,0.4,0.6335177056619392,6.335177056619392,5/5,0.16114598545449263,-0.7607992388201713,6296502.524,1.1231659326834504,A 密集突破
CYBERUSDT,6,0.6666666666666666,1.5392508319261526,9.235504991556915,2/4,0.1988240394786363,-0.9394521668029436,8440424.78865,1.256292342533432,A 密集突破
DASHUSDT,12,0.25,-0.2192620914709101,-2.631145097650921,6/6,0.10542280608728272,-0.2856127044323299,12021984.316545,1.0061113041982235,A 密集突破
DODOXUSDT,5,0.0,-1.0070748027047576,-5.035374013523788,3/2,0.19185241431114156,-0.8255113192818111,2867753.12542,1.1183303835274154,A 密集突破
DOTUSDT,9,0.6666666666666666,1.093320709049181,9.839886381442629,4/5,0.15215624999999994,-0.8249370277078085,125685186.4425,0.7895402977534877,A 密集突破
DUSKUSDT,6,0.16666666666666666,-0.3420070914219256,-2.0520425485315537,3/3,0.17509447859785854,-0.25085574572127134,7930316.352645,1.2253632485020522,A 密集突破
DYMUSDT,1,0.0,-1.0067976390484423,-1.0067976390484423,1/0,0.1912428698752229,-0.9974646658523818,8815154.51315,1.3285865957514036,A 密集突破
EDUUSDT,9,0.0,-1.0097367428412836,-9.087630685571552,5/4,0.13340119195137798,-0.9700919455682236,8419913.1231,1.138625909660472,A 密集突破
EGLDUSDT,12,0.5833333333333334,0.6846955704070653,8.216346844884784,4/8,0.15756174516047433,-0.9193499392466585,11835760.86425,0.8295783828423049,A 密集突破
ENJUSDT,7,0.42857142857142855,0.7060851932424094,4.9425963526968655,4/3,0.17220582810770946,-0.899135446685879,9804782.32978,1.0054826304367588,A 密集突破
ENSUSDT,11,0.36363636363636365,0.26869901902777377,2.9556892093055116,5/6,0.15396105170214847,-0.6274437815511702,24375467.0234,1.0053384825369789,A 密集突破
ETCUSDT,8,0.375,0.20313745280140033,1.6250996224112026,3/5,0.14768651449815712,-0.6064254483239339,87404013.73361,0.7322228510551164,A 密集突破
ETHFIUSDT,5,0.2,-0.20720309662195277,-1.0360154831097639,4/1,0.19144881149559073,-0.8560858424087123,60625017.055095,1.309956606441644,A 密集突破
ETHWUSDT,4,0.25,-0.006692013483140802,-0.026768053932563207,3/1,0.18825448338428064,-0.9212579885637403,2712976.8242,1.0882647183390397,A 密集突破
FILUSDT,8,0.625,0.5153750033475721,4.123000026780577,4/4,0.17721788069774574,-0.7808757244043786,133843054.38069999,1.0174735850358523,A 密集突破
FLOWUSDT,8,0.375,0.1496602775110375,1.1972822200883,2/6,0.1965512422501419,-0.9531354642313546,17081761.4157,0.9189415593278097,A 密集突破
GALAUSDT,3,0.3333333333333333,0.32552231135401133,0.976566934062034,2/1,0.16544077134986224,-0.9005334914048607,76961026.458125,1.0845588484491624,A 密集突破
GASUSDT,6,0.3333333333333333,0.3209083075876317,1.9254498455257902,4/2,0.10885957854624712,-0.674547983310153,6941888.3947,1.0751485588095657,A 密集突破
GLMUSDT,6,0.3333333333333333,0.3202783920760181,1.9216703524561085,2/4,0.09784506834595177,-0.7607965321051205,5992039.08473,0.986845176644462,A 密集突破
GMTUSDT,7,0.2857142857142857,0.1351126539742688,0.9457885778198816,4/3,0.16924000000000006,-0.9737962577962578,32067472.988585003,1.004153601449041,A 密集突破
GMXUSDT,12,0.3333333333333333,-0.0686718037635648,-0.8240616451627776,5/7,0.16520788350005944,-0.9191072731695451,7226720.70358,0.8765097739841516,A 密集突破
GRTUSDT,6,0.3333333333333333,0.32487407492253745,1.9492444495352246,4/2,0.1570061745252103,-0.7605384342897626,22045720.50172,0.9833987274914805,A 密集突破
GTCUSDT,7,0.42857142857142855,0.820570835122896,5.743995845860272,4/3,0.17513463718820854,-0.9353307984790874,7414217.7919,1.0707750766063577,A 密集突破
HBARUSDT,12,0.3333333333333333,0.09218668396024236,1.1062402075229083,6/6,0.14584104289318756,0.733421052631579,39491297.60261,1.021643124309312,A 密集突破
HOTUSDT,9,0.3333333333333333,0.005326671069249488,0.04794003962324539,4/5,0.1482857142857143,-0.775974930362117,6349641.8343345,0.8714105933934195,A 密集突破
ICPUSDT,8,0.125,-0.4037007885536006,-3.2296063084288047,5/3,0.1443324305752498,-0.4413741598207618,33109393.505999997,0.9681858619702127,A 密集突破
ICXUSDT,10,0.3,0.09232404464300106,0.9232404464300106,6/4,0.1570253607680886,-0.8710084033613446,5339279.2743,0.84825574787872,A 密集突破
IDUSDT,6,0.5,0.9922930225635677,5.953758135381406,3/3,0.16578122939282022,-0.9443057132046916,10811840.7676,1.1563587884326674,A 密集突破
ILVUSDT,4,0.25,-0.00681674072159677,-0.02726696288638708,3/1,0.1912423495185237,-0.9666909924937448,4841921.4938,1.0038365905462245,A 密集突破
IMXUSDT,9,0.5555555555555556,1.214767475656734,10.932907280910605,4/5,0.17535657686212347,-0.7184415584415584,19939483.21195,1.0343576869984779,A 密集突破
INJUSDT,7,0.14285714285714285,-0.4361748719490013,-3.053224103643009,5/2,0.17616019091309285,2.357704402515723,88406066.5939,1.080894868333633,A 密集突破
IOSTUSDT,9,0.4444444444444444,0.6570480877564007,5.913432789807606,4/5,0.17552625863802407,-0.9203059604560543,5315967.501429,0.7979502443181374,A 密集突破
IOTAUSDT,10,0.2,-0.20994286014121027,-2.099428601412103,6/4,0.18353756173356178,-0.8070971495055265,10346102.55603,0.8855798238321786,A 密集突破
IOTXUSDT,8,0.375,0.45393039107503885,3.631443128600311,5/3,0.17231649562819817,-0.8723285114325712,6641321.989275,0.9837922175497147,A 密集突破
IOUSDT,1,1.0,2.9946444121180993,2.9946444121180993,0/1,0.24273712404073217,-0.9734277484397503,15965563.63802,1.2438890797951758,A 密集突破
JASMYUSDT,12,0.3333333333333333,0.1307192796212285,1.568631355454742,7/5,0.1782970264423192,0.19756468797564675,20746292.62714,1.1513545292685654,A 密集突破
JOEUSDT,4,0.0,-1.0081227373442727,-4.032490949377091,3/1,0.15303488867765566,-0.9517085862966175,4622546.44095,1.0563353448108488,A 密集突破
JTOUSDT,6,0.16666666666666666,-0.3422732318128059,-2.0536393908768353,3/3,0.1797199248296307,-0.8409090909090909,37514560.4741,1.2304115880579058,A 密集突破
JUPUSDT,6,0.16666666666666666,-0.6648623808386681,-3.989174285032009,4/2,0.12388531423104793,-0.7443053250867401,43678568.8191,1.0710357586829784,A 密集突破
KASUSDT,10,0.3,-0.23713601319666378,-2.3713601319666378,4/6,0.1224485660838153,-0.8150759613287781,15219831.829935,0.8950236611717215,A 密集突破
KAVAUSDT,8,0.125,-0.511877491118137,-4.095019928945096,4/4,0.18575396693072893,-0.9241932475284462,13721311.33103,0.8324140005087265,A 密集突破
KNCUSDT,13,0.23076923076923078,-0.39560580428544934,-5.142875455710842,7/6,0.14598277769596332,-0.7815991237677985,6669821.777000001,0.9473071670411056,A 密集突破
KSMUSDT,7,0.42857142857142855,0.7062470167752812,4.943729117426969,4/3,0.1542193162895484,-0.871969696969697,7739786.69335,1.055655729866574,A 密集突破
LINKUSDT,10,0.4,0.457968492972655,4.57968492972655,5/5,0.1298549751413883,0.5936722360469249,225446827.94814998,0.8261046222920815,A 密集突破
LISTAUSDT,5,0.2,-0.13746813566991473,-0.6873406783495737,2/3,0.18874999999999995,-0.9168277092314553,8468342.68055,1.3069000968981928,A 密集突破
LPTUSDT,8,0.5,0.5630567825139035,4.504454260111228,4/4,0.16198795998796994,-0.7382667539838463,14307597.89325,1.3404826685548894,A 密集突破
LQTYUSDT,5,0.0,-1.0071287368113155,-5.035643684056578,3/2,0.20810917900647563,-0.9076748796374965,9116477.6461,1.0994632901524855,A 密集突破
LSKUSDT,6,0.5,0.5737066173600701,3.442239704160421,2/4,0.19542383139982827,-0.938716744913928,2897453.614,0.9980043629765202,A 密集突破
LTCUSDT,9,0.2222222222222222,-0.584189408871215,-5.257704679840934,5/4,0.09162900515672982,-0.3817720090293454,196246848.8887,0.701481237927232,A 密集突破
LUNA2USDT,5,0.2,-0.3431135320465435,-1.7155676602327175,3/2,0.19548746144562149,-0.96685651868612,12396483.87555,1.10145573995932,A 密集突破
MAGICUSDT,5,0.4,0.4073505444722173,2.0367527223610864,3/2,0.20288655006964867,-0.965798826349285,15105708.184235,1.2492491927893619,A 密集突破
MANAUSDT,7,0.2857142857142857,-0.4845885163385298,-3.3921196143697085,2/5,0.1625882821048443,-0.7854298041818786,22261242.23365,0.8750161010091967,A 密集突破
MANTAUSDT,1,0.0,-1.0090839198700596,-1.0090839198700596,0/1,0.1431100250327812,-0.973829924451815,12548348.3528,1.1062236775447154,A 密集突破
MASKUSDT,11,0.7272727272727273,1.5758425703423347,17.33426827376568,5/6,0.1767586732301923,-0.8329035339063993,28389534.233999997,0.9690760194063506,A 密集突破
MAVUSDT,3,0.3333333333333333,0.32679395975245634,0.9803818792573691,2/1,0.19104731281580165,-0.9780338821283703,6982483.7389,1.1485347005575581,A 密集突破
METISUSDT,5,0.4,0.2337971620957548,1.168985810478774,2/3,0.2016887104393008,-0.9818665450676395,4181075.51203,1.0905848148973658,A 密集突破
MINAUSDT,8,0.5,0.45681439237400867,3.6545151389920694,3/5,0.20155759009701374,-0.9548540315106581,12032968.6148,0.9893453429340218,A 密集突破
MOVRUSDT,4,0.25,-0.3940866336556213,-1.5763465346224852,2/2,0.17210585949983542,-0.9737762237762237,4408645.84946,1.3051930383328554,A 密集突破
MTLUSDT,10,0.1,-0.6115888606187865,-6.115888606187864,7/3,0.1174686214251137,-0.7314640844052609,7187870.49945,0.8164687599328915,A 密集突破
NEARUSDT,11,0.2727272727272727,-0.34168671630365777,-3.7585538793402353,4/7,0.1625272547076312,0.2864992150706436,130158330.935,1.0047060238705119,A 密集突破
NEOUSDT,7,0.2857142857142857,-0.01819802415851208,-0.12738616910958456,2/5,0.1401292108906322,-0.7353677621283254,17564110.23089,0.8930103287654175,A 密集突破
NMRUSDT,6,0.5,0.36678948212952456,2.2007368927771473,3/3,0.13908672840884956,-0.40259067357512957,5541810.9095,1.2292222676766886,A 密集突破
NOTUSDT,1,1.0,2.993389226366335,2.993389226366335,0/1,0.19664869378976685,-0.9496358098265131,18764756.7313206,1.2778937140430398,A 密集突破
OGNUSDT,11,0.36363636363636365,0.0712325223439133,0.7835577457830463,5/6,0.19240083992260534,-0.8105263157894738,6900237.927100001,1.010534541199536,A 密集突破
ONDOUSDT,8,0.375,0.12931252257938206,1.0345001806350564,6/2,0.14744568961552956,0.5852713178294573,102723677.61706999,1.082867757886039,A 密集突破
ONEUSDT,9,0.3333333333333333,0.1489432770505569,1.3404894934550122,6/3,0.1531058020477816,-0.9272549019607843,7519904.047745001,1.0143281586704975,A 密集突破
ONGUSDT,5,0.2,-0.2102395574450185,-1.0511977872250924,3/2,0.12789416429081096,-0.895757436015679,3035121.184685,0.9176630831044224,A 密集突破
ONTUSDT,9,0.4444444444444444,0.43321537237299634,3.898938351356967,3/6,0.12876021143680916,-0.7657963446475196,8841368.42188,0.9604802022214176,A 密集突破
ORDIUSDT,4,0.0,-1.006270201133913,-4.025080804535652,2/2,0.21103299167894268,-0.7469026548672566,99792216.16780001,1.6598993240564541,A 密集突破
PEOPLEUSDT,7,0.0,-1.0064237533924278,-7.044966273746995,5/2,0.21660862198795192,-0.6244938271604938,27241667.645165,1.3445193909906537,A 密集突破
POLYXUSDT,7,0.0,-1.0084700400981708,-7.059290280687196,2/5,0.14798221825971744,-0.8637352245862884,6608783.3762,1.0940993158501693,A 密集突破
POWRUSDT,6,0.3333333333333333,0.2309207189814758,1.3855243138888547,3/3,0.1351435025541561,-0.8460297239915074,3714778.5928,0.946976818240493,A 密集突破
PYTHUSDT,6,0.16666666666666666,-0.29016226669470174,-1.7409736001682103,4/2,0.20756391303534838,-0.906887573964497,22511674.9475,1.2231749438466046,A 密集突破
QNTUSDT,13,0.46153846153846156,0.6100684247674821,7.930889521977267,6/7,0.1095459101407591,-0.44972543078962324,7655134.0225,0.7335775268707179,A 密集突破
QTUMUSDT,11,0.18181818181818182,-0.1952887962189493,-2.148176758408442,5/6,0.11015827338129497,-0.6353567625133121,8339795.3081,0.8349057563982167,A 密集突破
REZUSDT,1,1.0,1.0257554567019675,1.0257554567019675,0/1,0.24855514948002755,-0.9829231730168645,11561570.984,1.2929414992836281,A 密集突破
RIFUSDT,7,0.2857142857142857,0.1328874924266207,0.9302124469863449,5/2,0.14121533865835448,-0.3231041605193271,3766138.83077,1.3124839005076792,A 密集突破
RLCUSDT,7,0.14285714285714285,-0.43851497827803343,-3.069604847946234,5/2,0.13086474501108644,-0.7642533549876058,6105359.48274,0.9741871256857135,A 密集突破
RONINUSDT,5,0.2,-0.2073128949788888,-1.036564474894444,2/3,0.1880722542069229,-0.9818955732122588,4205443.33284,0.9449850504870034,A 密集突破
ROSEUSDT,10,0.4,0.379373203992897,3.79373203992897,3/7,0.17229098670549636,-0.846867816091954,13843874.269895,1.0062249075148988,A 密集突破
RSRUSDT,8,0.25,-0.007562432454768397,-0.06049945963814718,4/4,0.16765497036187924,-0.6008374040474529,11616534.43246,1.397888802088287,A 密集突破
RUNEUSDT,7,0.2857142857142857,0.13440310172143732,0.9408217120500613,4/3,0.14833680555555545,-0.6741835147744946,29204258.4295,1.0244625528066467,A 密集突破
RVNUSDT,10,0.4,0.42270758694607735,4.227075869460774,2/8,0.14445620035267726,-0.8612064482579304,5741632.68352,0.8879861980294301,A 密集突破
SAGAUSDT,1,1.0,2.992692838967648,2.992692838967648,0/1,0.17790767087851947,-0.9979834161509618,15547645.81126,1.4162073126413897,A 密集突破
SANDUSDT,8,0.375,0.49334336894074404,3.9467469515259523,5/3,0.19940075062746598,-0.8968315301391035,38596802.489549994,0.9774214464647918,A 密集突破
SFPUSDT,14,0.0,-1.0189643859413435,-14.265501403178808,8/6,0.07528602446590199,-0.4166457128488811,4867222.714500001,0.6905369411321515,A 密集突破
SKLUSDT,8,0.5,0.8967075312111475,7.17366024968918,4/4,0.1929588524823199,-0.828900883218842,6814725.86498,1.152061388515099,A 密集突破
SNXUSDT,8,0.5,0.9901656981890992,7.921325585512793,4/4,0.14893604826485973,-0.8658536585365854,18350810.55085,1.1075955450132893,A 密集突破
SPELLUSDT,9,0.2222222222222222,-0.18134061772706542,-1.6320655595435887,5/4,0.15987469863830575,-0.8528252299605782,5680024.26243515,1.0726099040512345,A 密集突破
SSVUSDT,11,0.18181818181818182,-0.45545908100004573,-5.010049891000503,8/3,0.21668385076564717,-0.9447694334650857,13422241.37275,1.1221850390408752,A 密集突破
STEEMUSDT,6,0.16666666666666666,-0.3444581783841684,-2.0667490703050104,3/3,0.11366649264036323,-0.8765371024734983,2558387.481,0.857537466961097,A 密集突破
STGUSDT,12,0.3333333333333333,0.3239338078371789,3.8872056940461466,5/7,0.14645698649807048,-0.6053576360121513,9012769.146650001,1.1523058142285325,A 密集突破
STORJUSDT,7,0.14285714285714285,-0.43868841219265836,-3.0708188853486087,5/2,0.13866530022094056,-0.8271961492178099,11271318.34685,1.0275723464043365,A 密集突破
STRKUSDT,1,1.0,2.9934490977187607,2.9934490977187607,1/0,0.198445945945946,-0.9882698096841676,25901800.18164,1.1113366156801938,A 密集突破
STXUSDT,4,0.0,-1.0076209190686187,-4.030483676274475,2/2,0.17848732411375107,-0.8120960295475531,39599501.6815,1.0283379611323051,A 密集突破
SUPERUSDT,3,0.6666666666666666,1.6591799464656152,4.9775398393968455,0/3,0.16912091164718074,-0.7981835564053537,9751264.9038,1.1383971382347604,A 密集突破
SUSHIUSDT,9,0.4444444444444444,0.460093004442315,4.140837039980835,5/4,0.1898220958160369,-0.832731137088204,19299799.8635,1.054472978621452,A 密集突破
THETAUSDT,8,0.375,0.4905140573793596,3.924112459034877,7/1,0.14408048590475633,-0.8128926522807975,19781514.488315,0.932040368848401,A 密集突破
TLMUSDT,8,0.25,-0.008567937881383991,-0.06854350305107193,7/1,0.15166414045724386,-0.9200503778337531,4079996.7385050002,1.1274509196089415,A 密集突破
TNSRUSDT,3,0.6666666666666666,0.5900625665220058,1.7701876995660175,1/2,0.22634207733553902,-0.9804770531400966,8071385.70912,2.238328532492453,A 密集突破
TRBUSDT,10,0.2,-0.208062522411272,-2.08062522411272,5/5,0.1563966763015782,0.09744224422442249,30731357.900399998,1.3076623799003564,A 密集突破
TRXUSDT,8,0.375,0.34068771195092173,2.725501695607374,5/3,0.06099000277732752,5.073972602739726,64709573.33809,0.6543015078420538,A 密集突破
TURBOUSDT,3,0.3333333333333333,0.32607167090545186,0.9782150127163556,2/1,0.17938944635814505,-0.8704362139917695,29251937.0896749,1.518658408667157,A 密集突破
TUSDT,9,0.3333333333333333,0.23337588754285102,2.1003829878856592,4/5,0.12652676889965028,-0.9338180389074474,5712602.86817,0.9313596473025705,A 密集突破
TWTUSDT,9,0.4444444444444444,0.15101770994705227,1.3591593895234704,3/6,0.11706104808211788,-0.6709761885279437,4342719.52665,0.7682957360624739,A 密集突破
UMAUSDT,10,0.3,-0.15545242879769877,-1.5545242879769878,3/7,0.1583327444004395,-0.8731203739774056,7073773.718,1.0977819235000925,A 密集突破
UNIUSDT,9,0.5555555555555556,0.9483402905037848,8.535062614534063,5/4,0.17716232745063787,-0.39050886220697545,80151631.18349999,0.9827109861590178,A 密集突破
USTCUSDT,11,0.18181818181818182,-0.28090391729196856,-3.0899430902116545,8/3,0.16385565618005837,-0.8925399644760214,6527004.122724,1.1212314336517888,A 密集突破
VETUSDT,7,0.42857142857142855,0.5238187106151166,3.6667309743058167,4/3,0.13821095711694326,-0.7197630922693267,17715606.2241015,0.8371847256023207,A 密集突破
WAXPUSDT,7,0.42857142857142855,0.39928803793776296,2.7950162655643407,4/3,0.18543744182954391,-0.9415203761755486,2756773.19369,0.8165882841067194,A 密集突破
WOOUSDT,8,0.25,-0.12739917219894872,-1.0191933775915898,4/4,0.1647075829967516,-0.9163273453093812,8896104.26265,1.038661123125021,A 密集突破
WUSDT,2,0.0,-1.0069461623378337,-2.0138923246756675,2/0,0.19200661430853544,-0.993720397249809,20005368.229354,1.1266110427393947,A 密集突破
XAIUSDT,1,0.0,-1.006247713226205,-1.006247713226205,1/0,0.20807613168724268,-0.9889593739593739,14158409.84946,1.2072303324270621,A 密集突破
XLMUSDT,12,0.08333333333333333,-0.6810560655209986,-8.172672786251983,4/8,0.09682718841315807,1.180024831011174,47133555.544945,0.9106363792966862,A 密集突破
XMRUSDT,14,0.2857142857142857,0.01745369600841053,0.2443517441177474,10/4,0.08319642908421908,1.6957429610669537,24981197.324249998,0.6656852884948,A 密集突破
XTZUSDT,10,0.4,0.4028996346299393,4.028996346299393,5/5,0.13749745551754156,-0.7271210013908205,13882193.4532,0.8189090340098261,A 密集突破
XVGUSDT,11,0.09090909090909091,-0.6481716207938732,-7.129887828732606,6/5,0.14743942731277537,-0.715386695511087,5691604.919854,1.3176457981129641,A 密集突破
XVSUSDT,5,0.0,-0.8158899925093277,-4.079449962546638,0/5,0.1548182723714037,-0.6227869788692175,4111885.7236,0.9432694201304147,A 密集突破
YFIUSDT,8,0.625,0.9348454170109224,7.478763336087379,3/5,0.13717518798624068,-0.6253164556962025,8523553.6325,0.7855735649712923,A 密集突破
YGGUSDT,4,0.25,-0.007143412867855803,-0.02857365147142321,3/1,0.17844326184561388,-0.9559790895229797,13478433.14855,1.2195207399455545,A 密集突破
ZECUSDT,9,0.4444444444444444,0.8705179493277065,7.834661543949359,5/4,0.11174214303390244,12.245232339511148,24582014.308339998,1.0994358564619076,A 密集突破
ZENUSDT,11,0.18181818181818182,-0.2812685626246733,-3.0939541888714066,6/5,0.1445005364542051,-0.5702127659574467,13035661.05565,1.1507354244202095,A 密集突破
ZETAUSDT,2,0.5,0.8294396376874568,1.6588792753749135,1/1,0.17792274525370105,-0.983649530193309,7000108.2111,1.1530471091060213,A 密集突破
ZILUSDT,8,0.125,-0.77550200795662,-6.20401606365296,2/6,0.15990186206055707,-0.8575906576521205,10137250.22841,0.8220436582446768,A 密集突破
ZKUSDT,2,0.0,-1.0075303246705305,-2.015060649341061,0/2,0.18159596893313998,-0.964868544600939,15652381.74312,1.1924204422575584,A 密集突破
ZROUSDT,6,0.16666666666666666,-0.34256753572747,-2.05540521436482,3/3,0.14486547690530116,-0.7682877111240536,30386533.31125,1.113926995611078,A 密集突破
ZRXUSDT,11,0.18181818181818182,-0.5006919124164448,-5.507611036580894,5/6,0.13838113985751802,-0.4890365448504983,9459269.312479999,0.996546861948066,A 密集突破
1000LUNCUSDT,4,0.0,-1.0938023366940541,-4.3752093467762165,0/4,0.02878375701795352,-0.6800399201596806,23133002.466035,1.062389461627899,B 回踩20均线
1000RATSUSDT,4,0.5,0.9843707746218746,3.9374830984874984,2/2,0.13544332177712362,-0.9101381953315526,16526907.611005,1.9195912947232947,B 回踩20均线
1000SATSUSDT,6,0.3333333333333333,0.29924055554736523,1.7954433332841913,0/6,0.05321219074031018,-0.9812545454545455,45867129.9106647,1.3327999782464062,B 回踩20均线
1000XECUSDT,6,0.16666666666666666,-0.3796854770256713,-2.278112862154028,3/3,0.052120385710942636,-0.7065610859728506,4782859.831695,0.931348538165273,B 回踩20均线
1INCHUSDT,9,0.1111111111111111,-0.5922064346512075,-5.329857911860867,4/5,0.042451505034017414,-0.7846952010376135,13217573.19145,0.8520523403708453,B 回踩20均线
AAVEUSDT,8,0.375,0.47608695998542916,3.8086956798834333,6/2,0.0579884112005921,0.6592436168170475,92689158.3555,0.8938253727915497,B 回踩20均线
ACEUSDT,5,0.6,1.2425823533806377,6.212911766903188,0/5,0.05449936734093791,-0.9817699229623875,7347945.822764,1.4149099514999004,B 回踩20均线
ACHUSDT,8,0.125,-0.5262621454327128,-4.210097163461702,4/4,0.05590299875054164,-0.908960810215764,11468328.295704499,1.0760650605765107,B 回踩20均线
ADAUSDT,9,0.3333333333333333,0.3108027448073076,2.797224703265768,4/5,0.06426735324935724,-0.27942353883106485,252253826.3764,0.8764006719792905,B 回踩20均线
AEVOUSDT,3,0.6666666666666666,1.6548331534816352,4.964499460444905,0/3,0.1114690732764175,-0.993984520123839,9208007.74261,1.179192790989905,B 回踩20均线
AGLDUSDT,7,0.2857142857142857,0.1139365432842138,0.7975558029894967,2/5,0.07167879370654795,-0.7838774150566289,6366980.5359,1.3288607413806914,B 回踩20均线
ALGOUSDT,7,0.14285714285714285,-0.4521184285792357,-3.1648290000546497,4/3,0.06883509926701976,-0.5507058159232072,30455845.58125,0.8812357385211553,B 回踩20均线
ALICEUSDT,7,0.2857142857142857,0.12451317874923859,0.8715922512446701,3/4,0.07083333440416686,-0.8492944496707432,9128601.38575,1.1323186277418935,B 回踩20均线
ALTUSDT,1,1.0,2.988477159422679,2.988477159422679,0/1,0.11281940345149422,-0.9817055755619024,13400340.03177,1.1363421300342793,B 回踩20均线
ANKRUSDT,6,0.16666666666666666,-0.3588441488989746,-2.1530648933938474,3/3,0.051126591119017684,-0.7850383631713556,7884265.092695,0.8377946217041778,B 回踩20均线
APEUSDT,5,0.4,0.5850774545786263,2.9253872728931314,2/3,0.0873672854186611,-0.9680900621118013,49650070.14965,1.0605911722905645,B 回踩20均线
API3USDT,9,0.4444444444444444,0.7478060450777042,6.730254405699338,3/6,0.05582212415555642,-0.8135375494071146,10511999.14481,1.207823101655261,B 回踩20均线
ARKMUSDT,5,0.6,1.002577886685415,5.012889433427075,2/3,0.056598640512381074,-0.8319188191881919,24612118.240450002,1.225011527785685,B 回踩20均线
ARKUSDT,4,0.0,-1.0430875181275443,-4.172350072510177,0/4,0.0297260822235801,-0.8586420734615996,7122542.9016,1.088841162948298,B 回踩20均线
ARPAUSDT,5,0.4,0.580218280664254,2.90109140332127,3/2,0.057592629086004835,-0.6829323308270676,6628525.47933,1.0558433584259561,B 回踩20均线
ARUSDT,7,0.5714285714285714,1.267676609456824,8.873736266197767,2/5,0.09249291875453251,-0.7268154668343288,19627121.42515,1.1404429543765378,B 回踩20均线
ASTRUSDT,6,0.8333333333333334,2.3079498878831544,13.847699327298926,1/5,0.10771601873428226,-0.9431620154059857,6607235.979049999,0.8584672642335706,B 回踩20均线
ATOMUSDT,7,0.14285714285714285,-0.45716492677029635,-3.2001544873920746,3/4,0.06516925117209736,-0.8402961396086727,56883357.58292,0.7407365276001256,B 回踩20均线
AUCTIONUSDT,6,0.0,-1.0362171908899434,-6.2173031453396606,1/5,0.08807215757862802,-0.8998223801065719,11515474.945085,1.2222222503555868,B 回踩20均线
AVAXUSDT,7,0.2857142857142857,0.11874794002022455,0.8312355801415718,5/2,0.06466623983231702,-0.4038674033149171,220123345.986,0.8699347696270143,B 回踩20均线
AXLUSDT,6,0.3333333333333333,-0.14083430863915075,-0.8450058518349045,1/5,0.04425974092341221,-0.9819755961723458,8134723.929513,1.158366990834731,B 回踩20均线
AXSUSDT,6,0.3333333333333333,0.40301420541871735,2.418085232512304,2/4,0.06428892077283427,-0.8590794052515027,31060053.726499997,0.9838035181541251,B 回踩20均线
BANDUSDT,8,0.125,-0.5230037546130434,-4.184030036904347,4/4,0.08990119707944509,-0.8886355539722124,6384257.13319,0.9330414019914545,B 回踩20均线
BATUSDT,6,0.16666666666666666,-0.36087275973546135,-2.165236558412768,4/2,0.05286149648289328,-0.6631766805472933,6861760.31123,0.8221603787834777,B 回踩20均线
BBUSDT,4,0.5,0.9751519979463605,3.900607991785442,1/3,0.07692357729147006,-0.9723299888517279,12281002.00494,1.3348578759484042,B 回踩20均线
BCHUSDT,8,0.125,-0.536897769798688,-4.295182158389504,5/3,0.046777299833494934,1.1165770979743694,139766031.60847998,0.8314204126091417,B 回踩20均线
BEAMXUSDT,2,0.5,0.9752620936851438,1.9505241873702877,1/1,0.06267934273934071,-0.8338427680645556,10804872.9369515,1.0650199073967002,B 回踩20均线
BELUSDT,5,0.0,-1.0506011850686858,-5.253005925343429,4/1,0.08179390254295571,-0.7263934843471622,8696754.009599999,1.1546560367752345,B 回踩20均线
BICOUSDT,5,0.4,0.5873782364732623,2.9368911823663115,1/4,0.09878682952166393,-0.9025272161741835,3837992.96345,1.347130708386574,B 回踩20均线
BIGTIMEUSDT,3,0.3333333333333333,0.2959692023431478,0.8879076070294434,1/2,0.07311465465987137,-0.980874857360213,17008409.20025,1.371957715295625,B 回踩20均线
BLURUSDT,9,0.2222222222222222,-0.29593071656323167,-2.663376449069085,3/6,0.07688492171180551,-0.980911598200029,16195241.6773,1.0863371744207024,B 回踩20均线
BNTUSDT,6,0.3333333333333333,0.2582073237689101,1.5492439426134605,3/3,0.02905835225878383,-0.5824442289039768,2526440.66745,0.8392767414797341,B 回踩20均线
BOMEUSDT,3,0.3333333333333333,0.271548527924024,0.8146455837720721,1/2,0.07359705719135241,-0.9619967329681944,37562816.4982405,1.307288362735259,B 回踩20均线
BSVUSDT,6,0.5,0.9598357993421538,5.759014796052923,1/5,0.03835460838785393,-0.7243636363636363,5391179.2285,0.9294581712448093,B 回踩20均线
C98USDT,6,0.5,0.9758748096066401,5.8552488576398405,3/3,0.09730193681228891,-0.9129861982434128,8643650.043699998,1.0340867379459555,B 回踩20均线
CAKEUSDT,5,0.0,-1.020330106024545,-5.1016505301227255,3/2,0.07173375416370605,-0.08784604564925513,17855764.4903,0.9883729574463703,B 回踩20均线
CELOUSDT,4,0.5,0.9796930212598783,3.9187720850395134,1/3,0.05707462988548671,-0.8747708333333333,19703711.08915,0.9525043504868691,B 回踩20均线
CELRUSDT,5,0.2,-0.2286206400787023,-1.1431032003935115,3/2,0.10000000110000015,-0.7924843423799582,5135933.90803,0.9479899647531008,B 回踩20均线
CFXUSDT,9,0.3333333333333333,0.40927439196667287,3.6834695277000558,3/6,0.05844683067872287,-0.8687404229236899,36254900.46523,1.2789576943767922,B 回踩20均线
CHRUSDT,4,0.25,-0.015134339558056376,-0.0605373582322255,2/2,0.08856392383431683,-0.8734463276836159,7895830.827199999,0.9867897633834918,B 回踩20均线
CHZUSDT,7,0.2857142857142857,0.11267960236680073,0.7887572165676051,4/3,0.057838180577433715,-0.8757911392405063,23834080.98032,0.8655338410513977,B 回踩20均线
CKBUSDT,4,0.25,-0.02506312138592809,-0.10025248554371236,1/3,0.05216846339683005,-0.8447977422389463,5686566.66447,1.13059448560217,B 回踩20均线
COMPUSDT,7,0.2857142857142857,-0.14110692358120072,-0.987748465068405,2/5,0.031184057303165303,-0.488261421319797,16433391.868250001,0.9050015670262898,B 回踩20均线
COTIUSDT,6,0.5,0.9742410884082428,5.845446530449457,2/4,0.06645760883074056,-0.7940971550222566,9108185.824275,1.209269926479031,B 回踩20均线
CRVUSDT,6,0.5,0.9677181767807603,5.806309060684562,3/3,0.04826393758822886,-0.547438330170778,87579971.91119999,1.0029087036498416,B 回踩20均线
CTSIUSDT,7,0.14285714285714285,-0.4613041608357437,-3.229129125850206,3/4,0.05776340205129399,-0.7607992388201713,6296502.524,1.1231659326834504,B 回踩20均线
CYBERUSDT,5,0.2,-0.24357847969231164,-1.2178923984615582,2/3,0.030973452358407236,-0.9394521668029436,8440424.78865,1.256292342533432,B 回踩20均线
DASHUSDT,6,0.16666666666666666,-0.7375337882225971,-4.425202729335583,3/3,0.03382658629176895,-0.2856127044323299,12021984.316545,1.0061113041982235,B 回踩20均线
DODOXUSDT,2,0.0,-1.0095622250535135,-2.019124450107027,1/1,0.13988735244177222,-0.8255113192818111,2867753.12542,1.1183303835274154,B 回踩20均线
DOTUSDT,5,0.4,0.5645272640440896,2.822636320220448,1/4,0.06503471047095362,-0.8249370277078085,125685186.4425,0.7895402977534877,B 回踩20均线
DUSKUSDT,8,0.125,-0.5384184147960529,-4.307347318368423,3/5,0.07903144625986278,-0.25085574572127134,7930316.352645,1.2253632485020522,B 回踩20均线
DYMUSDT,4,0.0,-1.0175932007610275,-4.07037280304411,0/4,0.07738810468106472,-0.9974646658523818,8815154.51315,1.3285865957514036,B 回踩20均线
EDUUSDT,5,0.0,-1.0201410862527087,-5.100705431263544,2/3,0.0965395213482106,-0.9700919455682236,8419913.1231,1.138625909660472,B 回踩20均线
EGLDUSDT,7,0.2857142857142857,0.11463972384701135,0.8024780669290794,3/4,0.08810674119254654,-0.9193499392466585,11835760.86425,0.8295783828423049,B 回踩20均线
ENJUSDT,4,0.25,-0.42987104735531395,-1.7194841894212558,3/1,0.07138120552781639,-0.899135446685879,9804782.32978,1.0054826304367588,B 回踩20均线
ENSUSDT,8,0.125,-0.5320479750805212,-4.256383800644169,3/5,0.05749643548388116,-0.6274437815511702,24375467.0234,1.0053384825369789,B 回踩20均线
ETCUSDT,7,0.14285714285714285,-0.4907657903070642,-3.435360532149449,3/4,0.036689347346223485,-0.6064254483239339,87404013.73361,0.7322228510551164,B 回踩20均线
ETHFIUSDT,5,0.2,-0.23915775416344376,-1.1957887708172188,2/3,0.05866426098646232,-0.8560858424087123,60625017.055095,1.309956606441644,B 回踩20均线
ETHWUSDT,3,0.6666666666666666,1.64760385498088,4.94281156494264,1/2,0.06831544670527323,-0.9212579885637403,2712976.8242,1.0882647183390397,B 回踩20均线
FILUSDT,8,0.625,1.4676428494062892,11.741142795250314,3/5,0.03916709593472568,-0.7808757244043786,133843054.38069999,1.0174735850358523,B 回踩20均线
FLOWUSDT,6,0.6666666666666666,1.6363346812836037,9.818008087701623,3/3,0.05645988904428648,-0.9531354642313546,17081761.4157,0.9189415593278097,B 回踩20均线
GALAUSDT,7,0.5714285714285714,1.2616141385042454,8.831298969529717,4/3,0.05862726511963782,-0.9005334914048607,76961026.458125,1.0845588484491624,B 回踩20均线
GASUSDT,3,0.6666666666666666,1.6435401741088331,4.9306205223265,0/3,0.049155534197630545,-0.674547983310153,6941888.3947,1.0751485588095657,B 回踩20均线
GLMUSDT,2,0.5,0.9563026148714949,1.9126052297429899,0/2,0.0313179720856855,-0.7607965321051205,5992039.08473,0.986845176644462,B 回踩20均线
GMTUSDT,11,0.36363636363636365,0.42903570852593603,4.719392793785296,3/8,0.05299455640689663,-0.9737962577962578,32067472.988585003,1.004153601449041,B 回踩20均线
GMXUSDT,5,0.4,0.23558162134019542,1.1779081067009771,2/3,0.07628289772668165,-0.9191072731695451,7226720.70358,0.8765097739841516,B 回踩20均线
GRTUSDT,5,0.6,1.3636283118880752,6.8181415594403765,2/3,0.05479121515085694,-0.7605384342897626,22045720.50172,0.9833987274914805,B 回踩20均线
GTCUSDT,6,0.3333333333333333,0.3114660604552533,1.8687963627315198,3/3,0.07021255975160418,-0.9353307984790874,7414217.7919,1.0707750766063577,B 回踩20均线
HBARUSDT,9,0.1111111111111111,-0.6763466709397346,-6.087120038457611,3/6,0.03080818841211233,0.733421052631579,39491297.60261,1.021643124309312,B 回踩20均线
HOTUSDT,5,0.2,-0.37467823523113297,-1.873391176155665,3/2,0.0911196920285714,-0.775974930362117,6349641.8343345,0.8714105933934195,B 回踩20均线
ICPUSDT,6,0.3333333333333333,0.31202308082507657,1.8721384849504594,2/4,0.06567256320457972,-0.4413741598207618,33109393.505999997,0.9681858619702127,B 回踩20均线
ICXUSDT,4,0.25,-0.04671264154643939,-0.18685056618575757,2/2,0.05652288759873397,-0.8710084033613446,5339279.2743,0.84825574787872,B 回踩20均线
IDUSDT,5,0.2,-0.23095557747109963,-1.1547778873554981,3/2,0.04438853550390881,-0.9443057132046916,10811840.7676,1.1563587884326674,B 回踩20均线
ILVUSDT,5,0.4,0.3168310194076395,1.5841550970381977,0/5,0.05071205384682187,-0.9666909924937448,4841921.4938,1.0038365905462245,B 回踩20均线
IMXUSDT,9,0.3333333333333333,-0.022960423522439398,-0.2066438117019546,3/6,0.049905694990977266,-0.7184415584415584,19939483.21195,1.0343576869984779,B 回踩20均线
INJUSDT,7,0.2857142857142857,0.10688530075741287,0.7481971053018901,3/4,0.07564524328535606,2.357704402515723,88406066.5939,1.080894868333633,B 回踩20均线
IOSTUSDT,7,0.2857142857142857,0.07987929995551799,0.5591550996886259,3/4,0.03906595934960174,-0.9203059604560543,5315967.501429,0.7979502443181374,B 回踩20均线
IOTAUSDT,7,0.42857142857142855,0.4658326628048112,3.2608286396336785,2/5,0.042763158937500094,-0.8070971495055265,10346102.55603,0.8855798238321786,B 回踩20均线
IOTXUSDT,7,0.14285714285714285,-0.45853231523755866,-3.2097262066629106,3/4,0.05012325485291692,-0.8723285114325712,6641321.989275,0.9837922175497147,B 回踩20均线
IOUSDT,3,0.3333333333333333,0.3105167164953129,0.9315501494859388,0/3,0.047867996473452114,-0.9734277484397503,15965563.63802,1.2438890797951758,B 回踩20均线
JASMYUSDT,7,0.42857142857142855,0.5171177792772773,3.619824454940941,2/5,0.029840389648855204,0.19756468797564675,20746292.62714,1.1513545292685654,B 回踩20均线
JOEUSDT,5,0.6,1.3703928069266076,6.8519640346330375,2/3,0.04821945921826552,-0.9517085862966175,4622546.44095,1.0563353448108488,B 回踩20均线
JTOUSDT,7,0.42857142857142855,0.6804454901462863,4.7631184310240045,3/4,0.06487271914964322,-0.8409090909090909,37514560.4741,1.2304115880579058,B 回踩20均线
JUPUSDT,3,0.6666666666666666,1.097696714772847,3.2930901443185405,1/2,0.12216694418463248,-0.7443053250867401,43678568.8191,1.0710357586829784,B 回踩20均线
KASUSDT,4,0.25,-0.03832155621349709,-0.15328622485398835,0/4,0.037738191054384584,-0.8150759613287781,15219831.829935,0.8950236611717215,B 回踩20均线
KAVAUSDT,4,0.0,-1.0586751789745734,-4.234700715898294,1/3,0.02190524688306051,-0.9241932475284462,13721311.33103,0.8324140005087265,B 回踩20均线
KNCUSDT,8,0.0,-1.0365105049360048,-8.292084039488039,4/4,0.05423929173541364,-0.7815991237677985,6669821.777000001,0.9473071670411056,B 回踩20均线
KSMUSDT,8,0.125,-0.7117484829248398,-5.693987863398719,1/7,0.03725601358518214,-0.871969696969697,7739786.69335,1.055655729866574,B 回踩20均线
LINKUSDT,8,0.0,-1.0302026039700671,-8.241620831760537,3/5,0.055930637823266474,0.5936722360469249,225446827.94814998,0.8261046222920815,B 回踩20均线
LISTAUSDT,3,0.3333333333333333,0.30409577362519125,0.9122873208755737,2/1,0.07439446459342537,-0.9168277092314553,8468342.68055,1.3069000968981928,B 回踩20均线
LPTUSDT,7,0.14285714285714285,-0.46350128851564565,-3.2445090196095197,3/4,0.1129054919147591,-0.7382667539838463,14307597.89325,1.3404826685548894,B 回踩20均线
LQTYUSDT,6,0.3333333333333333,-0.1125304700807163,-0.6751828204842978,2/4,0.061382611274193186,-0.9076748796374965,9116477.6461,1.0994632901524855,B 回踩20均线
LSKUSDT,3,0.3333333333333333,0.28906814166917866,0.8672044250075359,0/3,0.0370271005808964,-0.938716744913928,2897453.614,0.9980043629765202,B 回踩20均线
LTCUSDT,7,0.2857142857142857,0.1094046329051691,0.7658324303361836,3/4,0.04915806721917427,-0.3817720090293454,196246848.8887,0.701481237927232,B 回踩20均线
LUNA2USDT,5,0.4,0.5356866244362575,2.6784331221812874,1/4,0.047686581441233736,-0.96685651868612,12396483.87555,1.10145573995932,B 回踩20均线
MAGICUSDT,9,0.4444444444444444,0.75470003512092,6.79230031608828,4/5,0.05968586493403145,-0.965798826349285,15105708.184235,1.2492491927893619,B 回踩20均线
MANAUSDT,5,0.2,-0.24722369908209402,-1.23611849541047,3/2,0.05346350629288706,-0.7854298041818786,22261242.23365,0.8750161010091967,B 回踩20均线
MANTAUSDT,3,0.3333333333333333,0.2634625855613046,0.7903877566839137,0/3,0.09445745620765042,-0.973829924451815,12548348.3528,1.1062236775447154,B 回踩20均线
MASKUSDT,6,0.3333333333333333,0.2839237313426903,1.7035423880561418,3/3,0.034921250278016236,-0.8329035339063993,28389534.233999997,0.9690760194063506,B 回踩20均线
MAVUSDT,5,0.4,0.5627884121123293,2.8139420605616468,0/5,0.03461090568822458,-0.9780338821283703,6982483.7389,1.1485347005575581,B 回踩20均线
MEMEUSDT,2,1.0,2.9895328339035814,5.979065667807163,0/2,0.12421862869469451,-0.9814905221404325,23767730.3794225,1.3685063184286401,B 回踩20均线
METISUSDT,2,0.5,0.9545088202108624,1.9090176404217247,0/2,0.053654631222553914,-0.9818665450676395,4181075.51203,1.0905848148973658,B 回踩20均线
MEWUSDT,3,0.3333333333333333,-0.16628711532587914,-0.4988613459776374,0/3,0.05018106675116419,-0.9333058021887259,8797668.6144766,1.2254105404934428,B 回踩20均线
MINAUSDT,5,0.2,-0.23486387048702548,-1.1743193524351274,2/3,0.07458912876106207,-0.9548540315106581,12032968.6148,0.9893453429340218,B 回踩20均线
MOVRUSDT,3,0.3333333333333333,0.2707553818500834,0.8122661455502502,0/3,0.06530958545886356,-0.9737762237762237,4408645.84946,1.3051930383328554,B 回踩20均线
MTLUSDT,7,0.42857142857142855,0.6845997234012413,4.792198063808689,2/5,0.05789697849510442,-0.7314640844052609,7187870.49945,0.8164687599328915,B 回踩20均线
NEARUSDT,10,0.4,0.5568286837682217,5.568286837682217,4/6,0.039107024677001334,0.2864992150706436,130158330.935,1.0047060238705119,B 回踩20均线
NEOUSDT,7,0.2857142857142857,0.10420039190854169,0.7294027433597918,3/4,0.042985542270027356,-0.7353677621283254,17564110.23089,0.8930103287654175,B 回踩20均线
NMRUSDT,6,0.16666666666666666,-0.35117446065711605,-2.107046763942696,3/3,0.07505104566769197,-0.40259067357512957,5541810.9095,1.2292222676766886,B 回踩20均线
NOTUSDT,2,0.0,-1.0285752089159905,-2.057150417831981,0/2,0.05128547001634097,-0.9496358098265131,18764756.7313206,1.2778937140430398,B 回踩20均线
OGNUSDT,8,0.125,-0.5216482282533096,-4.173185826026477,3/5,0.07763975263043485,-0.8105263157894738,6900237.927100001,1.010534541199536,B 回踩20均线
ONDOUSDT,3,0.0,-1.088389126110207,-3.265167378330621,1/2,0.09161121782164931,0.5852713178294573,102723677.61706999,1.082867757886039,B 回踩20均线
ONEUSDT,5,0.2,-0.23015757603676112,-1.1507878801838056,4/1,0.05728789071791161,-0.9272549019607843,7519904.047745001,1.0143281586704975,B 回踩20均线
ONGUSDT,3,0.0,-1.0770523474173224,-3.2311570422519673,0/3,0.01623583207380961,-0.895757436015679,3035121.184685,0.9176630831044224,B 回踩20均线
ONTUSDT,6,0.16666666666666666,-0.35713830601110197,-2.142829836066612,2/4,0.06334583018738651,-0.7657963446475196,8841368.42188,0.9604802022214176,B 回踩20均线
ORDIUSDT,4,0.5,0.974584302233529,3.898337208934116,1/3,0.06992104808291313,-0.7469026548672566,99792216.16780001,1.6598993240564541,B 回踩20均线
PEOPLEUSDT,5,0.2,-0.24140325839986526,-1.2070162919993264,2/3,0.07378580416407228,-0.6244938271604938,27241667.645165,1.3445193909906537,B 回踩20均线
PIXELUSDT,3,0.6666666666666666,1.6537072002571642,4.9611216007714924,0/3,0.10962653040775924,-0.9915168641750228,11088445.2729585,1.3645799797298719,B 回踩20均线
POLYXUSDT,4,0.25,-0.0651639611778928,-0.2606558447115712,0/4,0.03345029711399996,-0.8637352245862884,6608783.3762,1.0940993158501693,B 回踩20均线
PORTALUSDT,3,0.3333333333333333,0.3209983900636948,0.9629951701910844,0/3,0.10860058419897978,-0.9954143738535934,8747092.78142,1.6876810282277825,B 回踩20均线
POWRUSDT,4,0.5,0.4561595416804403,1.8246381667217613,0/4,0.05597235314822767,-0.8460297239915074,3714778.5928,0.946976818240493,B 回踩20均线
PYTHUSDT,5,0.4,0.5813794190279286,2.9068970951396427,2/3,0.08774298164929815,-0.906887573964497,22511674.9475,1.2231749438466046,B 回踩20均线
QNTUSDT,9,0.3333333333333333,0.266900375273683,2.402103377463147,4/5,0.03342449206958376,-0.44972543078962324,7655134.0225,0.7335775268707179,B 回踩20均线
QTUMUSDT,7,0.5714285714285714,1.2519395372249187,8.76357676057443,3/4,0.05984496218046513,-0.6353567625133121,8339795.3081,0.8349057563982167,B 回踩20均线
REZUSDT,4,0.5,0.7640845011821906,3.0563380047287625,0/4,0.08481127995800015,-0.9829231730168645,11561570.984,1.2929414992836281,B 回踩20均线
RIFUSDT,5,0.4,0.5116070146294325,2.5580350731471624,3/2,0.04731366776186387,-0.3231041605193271,3766138.83077,1.3124839005076792,B 回踩20均线
RLCUSDT,7,0.2857142857142857,0.10301057046513229,0.721073993255926,3/4,0.07119805137996446,-0.7642533549876058,6105359.48274,0.9741871256857135,B 回踩20均线
RONINUSDT,4,0.5,0.9687034833277444,3.8748139333109775,1/3,0.06411129093253065,-0.9818955732122588,4205443.33284,0.9449850504870034,B 回踩20均线
ROSEUSDT,7,0.14285714285714285,-0.46895456941724284,-3.2826819859207,2/5,0.046504606117318416,-0.846867816091954,13843874.269895,1.0062249075148988,B 回踩20均线
RSRUSDT,10,0.1,-0.6249272273204951,-6.249272273204951,7/3,0.07483983500037235,-0.6008374040474529,11616534.43246,1.397888802088287,B 回踩20均线
RUNEUSDT,5,0.4,0.5826101793187298,2.9130508965936492,3/2,0.05662245194317965,-0.6741835147744946,29204258.4295,1.0244625528066467,B 回踩20均线
RVNUSDT,4,0.25,-0.06824712090543006,-0.27298848362172023,3/1,0.03091774748398659,-0.8612064482579304,5741632.68352,0.8879861980294301,B 回踩20均线
SAGAUSDT,3,0.0,-1.01874414282889,-3.0562324284866698,0/3,0.0719476754905524,-0.9979834161509618,15547645.81126,1.4162073126413897,B 回踩20均线
SANDUSDT,6,0.3333333333333333,0.3054221433549023,1.832532860129414,3/3,0.06882541652742505,-0.8968315301391035,38596802.489549994,0.9774214464647918,B 回踩20均线
SFPUSDT,8,0.25,-0.040912205836973636,-0.3272976466957891,2/6,0.03988490735670286,-0.4166457128488811,4867222.714500001,0.6905369411321515,B 回踩20均线
SKLUSDT,3,0.6666666666666666,1.6427450254369067,4.92823507631072,1/2,0.07062780376121076,-0.828900883218842,6814725.86498,1.152061388515099,B 回踩20均线
SNXUSDT,5,0.4,0.5802741173330033,2.9013705866650166,2/3,0.11991658089051106,-0.8658536585365854,18350810.55085,1.1075955450132893,B 回踩20均线
SPELLUSDT,6,0.3333333333333333,0.21904211076595126,1.3142526645957076,3/3,0.08849023829686471,-0.8528252299605782,5680024.26243515,1.0726099040512345,B 回踩20均线
SSVUSDT,6,0.16666666666666666,-0.36120024705332643,-2.1672014823199586,2/4,0.05272176197834915,-0.9447694334650857,13422241.37275,1.1221850390408752,B 回踩20均线
STEEMUSDT,1,1.0,2.9633808324769055,2.9633808324769055,0/1,0.03550053395343116,-0.8765371024734983,2558387.481,0.857537466961097,B 回踩20均线
STGUSDT,6,0.5,0.967898810427471,5.807392862564826,4/2,0.04276173904579511,-0.6053576360121513,9012769.146650001,1.1523058142285325,B 回踩20均线
STORJUSDT,7,0.42857142857142855,0.21325404619368973,1.492778323355828,2/5,0.07250872538425751,-0.8271961492178099,11271318.34685,1.0275723464043365,B 回踩20均线
STRKUSDT,3,0.3333333333333333,0.3122503686551706,0.9367511059655118,0/3,0.10120374608559977,-0.9882698096841676,25901800.18164,1.1113366156801938,B 回踩20均线
STXUSDT,7,0.42857142857142855,0.6850964073010698,4.7956748511074885,2/5,0.048534799583333454,-0.8120960295475531,39599501.6815,1.0283379611323051,B 回踩20均线
SUPERUSDT,3,1.0,2.981655865987786,8.944967597963357,1/2,0.07350727653763181,-0.7981835564053537,9751264.9038,1.1383971382347604,B 回踩20均线
SUSHIUSDT,5,0.2,-0.24618405867276322,-1.2309202933638161,3/2,0.03924284491274221,-0.832731137088204,19299799.8635,1.054472978621452,B 回踩20均线
THETAUSDT,6,0.3333333333333333,0.3018923618556012,1.8113541711336072,3/3,0.05680526378485305,-0.8128926522807975,19781514.488315,0.932040368848401,B 回踩20均线
TLMUSDT,4,0.0,-1.019052418083827,-4.076209672335308,2/2,0.11438773433044724,-0.9200503778337531,4079996.7385050002,1.1274509196089415,B 回踩20均线
TNSRUSDT,4,0.5,0.9763127407143086,3.9052509628572345,0/4,0.0909225443221462,-0.9804770531400966,8071385.70912,2.238328532492453,B 回踩20均线
TRBUSDT,6,0.3333333333333333,0.30395556810842145,1.8237334086505286,0/6,0.0536766265297036,0.09744224422442249,30731357.900399998,1.3076623799003564,B 回踩20均线
TRXUSDT,6,0.3333333333333333,0.2497107213155866,1.4982643278935197,5/1,0.0206346724390237,5.073972602739726,64709573.33809,0.6543015078420538,B 回踩20均线
TURBOUSDT,2,1.0,1.851756888069798,3.703513776139596,0/2,0.08784644997913207,-0.8704362139917695,29251937.0896749,1.518658408667157,B 回踩20均线
TUSDT,5,0.2,-0.24771739128100254,-1.2385869564050127,4/1,0.0293290487810365,-0.9338180389074474,5712602.86817,0.9313596473025705,B 回踩20均线
TWTUSDT,6,0.0,-1.019256828191195,-6.11554096914717,2/4,0.08113520710607984,-0.6709761885279437,4342719.52665,0.7682957360624739,B 回踩20均线
UMAUSDT,6,0.16666666666666666,-0.8484134562067714,-5.090480737240629,2/4,0.0603855731996891,-0.8731203739774056,7073773.718,1.0977819235000925,B 回踩20均线
UNIUSDT,5,0.2,-0.24443540711867096,-1.2221770355933548,3/2,0.04459218525085148,-0.39050886220697545,80151631.18349999,0.9827109861590178,B 回踩20均线
USTCUSDT,7,0.14285714285714285,-0.4695351820339339,-3.2867462742375375,5/2,0.05100835467441575,-0.8925399644760214,6527004.122724,1.1212314336517888,B 回踩20均线
VETUSDT,4,0.5,0.9824067450236853,3.929626980094741,2/2,0.08316537133246722,-0.7197630922693267,17715606.2241015,0.8371847256023207,B 回踩20均线
WAXPUSDT,4,0.25,-0.0419541251664689,-0.1678165006658756,0/4,0.05634827511813818,-0.9415203761755486,2756773.19369,0.8165882841067194,B 回踩20均线
WOOUSDT,6,0.8333333333333334,2.299007008985623,13.794042053913738,2/4,0.04548187112798846,-0.9163273453093812,8896104.26265,1.038661123125021,B 回踩20均线
WUSDT,4,0.5,0.9800113197669892,3.9200452790679567,1/3,0.07569427792629145,-0.993720397249809,20005368.229354,1.1266110427393947,B 回踩20均线
XAIUSDT,3,0.3333333333333333,0.31071952306723544,0.9321585692017063,0/3,0.10799726700000001,-0.9889593739593739,14158409.84946,1.2072303324270621,B 回踩20均线
XLMUSDT,7,0.14285714285714285,-0.4757178220575171,-3.33002475440262,2/5,0.028525399057335133,1.180024831011174,47133555.544945,0.9106363792966862,B 回踩20均线
XMRUSDT,8,0.25,-0.3062319496895233,-2.449855597516186,5/3,0.03157946375795384,1.6957429610669537,24981197.324249998,0.6656852884948,B 回踩20均线
XTZUSDT,7,0.42857142857142855,0.6806040666707026,4.764228466694918,3/4,0.03666666770333338,-0.7271210013908205,13882193.4532,0.8189090340098261,B 回踩20均线
XVGUSDT,4,0.25,-0.014994660111290692,-0.05997864044516277,2/2,0.10778935070373886,-0.715386695511087,5691604.919854,1.3176457981129641,B 回踩20均线
XVSUSDT,4,0.0,-1.0386538005211576,-4.1546152020846305,1/3,0.03630323716137278,-0.6227869788692175,4111885.7236,0.9432694201304147,B 回踩20均线
YFIUSDT,5,0.2,-0.23227064688129326,-1.1613532344064663,2/3,0.04943205826440901,-0.6253164556962025,8523553.6325,0.7855735649712923,B 回踩20均线
YGGUSDT,4,0.5,0.9774677513497054,3.9098710053988217,0/4,0.07141399919536091,-0.9559790895229797,13478433.14855,1.2195207399455545,B 回踩20均线
ZECUSDT,7,0.14285714285714285,-0.45664301365481297,-3.1965010955836908,5/2,0.05238095332857149,12.245232339511148,24582014.308339998,1.0994358564619076,B 回踩20均线
ZENUSDT,7,0.42857142857142855,0.6880728512433798,4.816509958703659,4/3,0.05087557698599065,-0.5702127659574467,13035661.05565,1.1507354244202095,B 回踩20均线
ZETAUSDT,4,0.25,-0.06846711693430002,-0.2738684677372001,0/4,0.04352021388256074,-0.983649530193309,7000108.2111,1.1530471091060213,B 回踩20均线
ZILUSDT,4,0.5,0.34779134019004876,1.391165360760195,2/2,0.06467515331646015,-0.8575906576521205,10137250.22841,0.8220436582446768,B 回踩20均线
ZKUSDT,1,0.0,-1.0344263626902646,-1.0344263626902646,0/1,0.03776175867593556,-0.964868544600939,15652381.74312,1.1924204422575584,B 回踩20均线
ZROUSDT,4,0.5,0.9653317120348441,3.8613268481393765,2/2,0.03836085937058556,-0.7682877111240536,30386533.31125,1.113926995611078,B 回踩20均线
ZRXUSDT,7,0.2857142857142857,0.10275395041164145,0.7192776528814901,3/4,0.06005110838543447,-0.4890365448504983,9459269.312479999,0.996546861948066,B 回踩20均线
