symbol,笔数,期望R,总R,最好一笔R,空头占比,去掉最好一笔后总R,最好一笔占比,历史长度,日均成交额,年化波动,全程涨跌,最大回撤,距高点,偏度,rule
MASKUSDT,11,1.5758425703423347,17.33426827376568,2.9932450853369876,0.5454545454545454,14.341023188428693,0.17267790241062986,1322,28389534.233999997,0.9690760194063506,-0.8329035339063993,-0.9500295595625184,-0.9482855453739285,0.3300964046724075,A 密集突破
CFXUSDT,10,1.5017581375498044,15.017581375498043,2.994063200815494,0.4,12.023518174682549,0.19937053284095815,1272,36254900.46523,1.2789576943767922,-0.8687404229236899,-0.9264532353225651,-0.9171486604120321,3.7585665087022346,A 密集突破
IMXUSDT,9,1.214767475656734,10.932907280910605,2.9942288639222663,0.5555555555555556,7.938678416988338,0.27387306843352976,1322,19939483.21195,1.0343576869984779,-0.7184415584415584,-0.9708687311592217,-0.9702932310221979,0.4653124343413439,A 密集突破
DOTUSDT,9,1.093320709049181,9.839886381442629,2.993749747822099,0.5555555555555556,6.84613663362053,0.30424637356261675,1322,125685186.4425,0.7895402977534877,-0.8249370277078085,-0.9344341661623584,-0.9339068038385061,0.7338253748022299,A 密集突破
CYBERUSDT,6,1.5392508319261526,9.235504991556915,2.993695892928674,0.6666666666666666,6.2418090986282415,0.3241507525214383,1090,8440424.78865,1.256292342533432,-0.9394521668029436,-0.9793775673605792,-0.9793775673605792,3.56265947787633,A 密集突破
UNIUSDT,9,0.9483402905037845,8.535062614534061,2.992714762788231,0.4444444444444444,5.54234785174583,0.3506377044840938,1322,80151631.18349999,0.9827109861590178,-0.39050886220697545,-0.8713802181271154,-0.8281846021597807,1.9741411694123916,A 密集突破
EGLDUSDT,12,0.6846955704070652,8.216346844884782,2.991768376260278,0.6666666666666666,5.224578468624504,0.36412391452569354,1322,11835760.86425,0.8295783828423049,-0.9193499392466585,-0.9667639257294429,-0.964787798408488,0.29425075986607496,A 密集突破
QNTUSDT,13,0.6100684247674821,7.930889521977267,2.9921811420415376,0.5384615384615384,4.938708379935729,0.3772819093936326,1322,7655134.0225,0.7335775268707179,-0.44972543078962324,-0.6584307581053392,-0.6497529227431602,0.9834497828024374,A 密集突破
SNXUSDT,8,0.990165698189099,7.921325585512792,2.9942875672255616,0.5,4.927038018287231,0.3780033448822978,1322,18350810.55085,1.1075955450132893,-0.8658536585365854,-0.9614993149344294,-0.9612448620082208,2.7567376818812113,A 密集突破
BELUSDT,12,0.6552858876444797,7.863430651733756,2.9947475746623553,0.4166666666666667,4.868683077071401,0.38084491455419184,1322,8696754.009599999,1.1546560367752345,-0.7263934843471622,-0.9617187873000717,-0.9486751014561948,1.0218871907294027,A 密集突破
ZECUSDT,9,0.8705179493277067,7.83466154394936,2.9913106852497098,0.4444444444444444,4.84335085869965,0.3818047108314299,1322,24582014.308339998,1.0994358564619076,12.245232339511148,-0.7178577051338935,-0.2942220441111223,1.6681317793704422,A 密集突破
YFIUSDT,8,0.9348454170109225,7.47876333608738,2.988578039312561,0.625,4.490185296774818,0.39960858567241114,1322,8523553.6325,0.7855735649712923,-0.6253164556962025,-0.8886140314711743,-0.8677935820792964,1.055489812650991,A 密集突破
SKLUSDT,8,0.8967075312111475,7.17366024968918,2.992507422227959,0.5,4.181152827461221,0.4171520978230908,1322,6814725.86498,1.152061388515099,-0.828900883218842,-0.9729146692233941,-0.9721396612336209,2.2266695089458937,A 密集突破
1INCHUSDT,11,0.5987579751014932,6.586337726116425,2.993929800139206,0.45454545454545453,3.592407925977219,0.4545666992246008,1322,13217573.19145,0.8520523403708453,-0.7846952010376135,-0.9042195941013287,-0.8788144254635714,0.29346317210196676,A 密集突破
CTSIUSDT,10,0.6335177056619392,6.335177056619392,2.9935698769007963,0.5,3.3416071797185953,0.47253136733928,1322,6296502.524,1.1231659326834504,-0.7607992388201713,-0.9512,-0.9408470588235294,2.975537344908779,A 密集突破
BBUSDT,2,2.9944326361881464,5.988865272376293,2.9946030105785724,0.5,2.9942622617977204,0.5000284485261693,824,12281002.00494,1.3348578759484042,-0.9723299888517279,-0.9865492957746479,-0.9854342723004695,0.9715905364836059,A 密集突破
IDUSDT,6,0.9922930225635679,5.953758135381407,2.9920607304698095,0.5,2.9616974049115976,0.502549929378032,1241,10811840.7676,1.1563587884326674,-0.9443057132046916,-0.9862274065946758,-0.9829993647860484,3.455096290285642,A 密集突破
IOSTUSDT,9,0.6570480877564007,5.913432789807606,2.991850533025606,0.5555555555555556,2.921582256782,0.5059414115913112,1322,5315967.501429,0.7979502443181374,-0.9203059604560543,-0.961856675255937,-0.9615432829584233,0.12763002048097116,A 密集突破
GTCUSDT,7,0.820570835122896,5.743995845860272,2.9932385406922357,0.42857142857142855,2.750757305168036,0.5211073651540815,1322,7414217.7919,1.0707750766063577,-0.9353307984790874,-0.9728542009884679,-0.9649752883031302,2.042794144855609,A 密集突破
AXLUSDT,6,0.880220256664098,5.281321539984588,2.991726481020513,0.5,2.289595058964075,0.5664730803398961,897,8134723.929513,1.158366990834731,-0.9819755961723458,-0.9850936392778809,-0.9849839716551375,1.503368454485861,A 密集突破
AVAXUSDT,10,0.5161962095640925,5.161962095640925,2.9918916420453523,0.2,2.170070453595573,0.5796035667468166,1322,220123345.986,0.8699347696270143,-0.4038674033149171,-0.902959008830895,-0.8933372874654013,0.29203380784132704,A 密集突破
SUPERUSDT,3,1.6591799464656152,4.9775398393968455,2.994227545326542,1.0,1.9833122940703034,0.6015476805685132,993,9751264.9038,1.1383971382347604,-0.7981835564053537,-0.9625950679880156,-0.9610785895367596,0.7609259175050482,A 密集突破
KSMUSDT,7,0.706247016775281,4.943729117426967,2.992556451612902,0.42857142857142855,1.951172665814065,0.6053237102057121,1322,7739786.69335,1.055655729866574,-0.871969696969697,-0.9522383092028623,-0.9521883840905309,6.221428286145063,A 密集突破
ENJUSDT,7,0.7060851932424094,4.9425963526968655,2.992450894291528,0.42857142857142855,1.9501454584053373,0.6054410841497779,1322,9804782.32978,1.0054826304367588,-0.899135446685879,-0.9733494485571839,-0.9629853452183109,1.2731908356739763,A 密集突破
ATOMUSDT,9,0.5448587420917284,4.903728678825555,2.9914857107355863,0.5555555555555556,1.9122429680899686,0.610043072662831,1322,56883357.58292,0.7407365276001256,-0.8402961396086727,-0.919350580781415,-0.9003431890179514,0.01916346309870304,A 密集突破
COTIUSDT,15,0.32438248065133796,4.865737209770069,2.9911825337165596,0.5333333333333333,1.8745546760535094,0.6147439544639749,1322,9108185.824275,1.209269926479031,-0.7940971550222566,-0.973202614379085,-0.9604909387997623,2.253426312827233,A 密集突破
LINKUSDT,10,0.457968492972655,4.57968492972655,2.9898770694576595,0.5,1.5898078602688908,0.6528564989374024,1322,225446827.94814998,0.8261046222920815,0.5936722360469249,-0.7540417677820692,-0.6935434255050074,0.6360759615797013,A 密集突破
LPTUSDT,8,0.5630567825139035,4.504454260111228,2.9912665598014376,0.5,1.51318770030979,0.6640685834664408,1322,14307597.89325,1.3404826685548894,-0.7382667539838463,-0.9565616846128404,-0.9559369372680167,4.941602997489681,A 密集突破
RVNUSDT,10,0.42270758694607735,4.227075869460774,2.9907174772297647,0.8,1.236358392231009,0.707514501652717,1322,5741632.68352,0.8879861980294301,-0.8612064482579304,-0.9554276880796977,-0.9541566472002748,1.1205666010014985,A 密集突破
SUSHIUSDT,9,0.460093004442315,4.140837039980835,2.9917834507042262,0.4444444444444444,1.1490535892766087,0.7225069283861683,1322,19299799.8635,1.054472978621452,-0.832731137088204,-0.9448798230154861,-0.9409801642356294,0.8498320779060773,A 密集突破
FILUSDT,8,0.5153750033475721,4.123000026780577,2.990970924790918,0.5,1.1320291019896591,0.7254355821885361,1322,133843054.38069999,1.0174735850358523,-0.7808757244043786,-0.9416652136006974,-0.940662598081953,2.969620903874547,A 密集突破
XTZUSDT,10,0.4028996346299392,4.028996346299392,2.9890505338379594,0.5,1.0399458124614327,0.7418846474217787,1322,13882193.4532,0.8189090340098261,-0.7271210013908205,-0.8918060200668896,-0.8906354515050168,2.2121410743895717,A 密集突破
SANDUSDT,8,0.4933433689407441,3.946746951525953,2.9934991158352924,0.375,0.9532478356906604,0.7584725224600222,1322,38596802.489549994,0.9774214464647918,-0.8968315301391035,-0.9591649215778452,-0.9572097098166589,2.7686064945456375,A 密集突破
ALGOUSDT,8,0.4924594148758865,3.939675319007092,2.991783969010728,0.5,0.9478913499963642,0.7593986120066211,1322,30455845.58125,0.8812357385211553,-0.5507058159232072,-0.8482346018046293,-0.843919183993723,0.8147048307865116,A 密集突破
THETAUSDT,8,0.4905140573793596,3.924112459034877,2.9911267965506227,0.125,0.9329856624842541,0.7622428836522899,1322,19781514.488315,0.932040368848401,-0.8128926522807975,-0.9644576403101669,-0.9605084892335187,0.2526080395027124,A 密集突破
CHZUSDT,8,0.4891515330873809,3.9132122646990473,2.9921567517615792,0.125,0.921055512937468,0.7646292992469951,1322,23834080.98032,0.8655338410513977,-0.8757911392405063,-0.9261636276391555,-0.9246641074856046,0.000786841189538242,A 密集突破
ONTUSDT,9,0.43321537237299634,3.898938351356967,2.9870367839410603,0.6666666666666666,0.9119015674159066,0.7661154177781413,1322,8841368.42188,0.9604802022214176,-0.7657963446475196,-0.9242743496022361,-0.9228552999354978,1.4706204784649621,A 密集突破
STGUSDT,12,0.3239338078371789,3.887205694046147,2.9943907938258,0.5833333333333334,0.8928149002203472,0.7703196150417688,1322,9012769.146650001,1.1523058142285325,-0.6053576360121513,-0.914495442445753,-0.8847301766556425,1.8483836095564423,A 密集突破
ROSEUSDT,10,0.379373203992897,3.79373203992897,2.9940222075424043,0.7,0.7997098323865655,0.7892023411327864,1322,13843874.269895,1.0062249075148988,-0.846867816091954,-0.9719786860030762,-0.9707262140188969,0.6364744931949989,A 密集突破
VETUSDT,7,0.5238187106151166,3.6667309743058167,2.990594088724094,0.42857142857142855,0.6761368855817227,0.81560226525489,1322,17715606.2241015,0.8371847256023207,-0.7197630922693267,-0.9438871835707222,-0.9422689151179666,0.7322444788342994,A 密集突破
MINAUSDT,8,0.4568143923740087,3.65451513899207,2.993201850832428,0.625,0.6613132881596417,0.819042126518038,1285,12032968.6148,0.9893453429340218,-0.9548540315106581,-0.9768053592280745,-0.9760494130661914,1.2980357554741229,A 密集突破
IOTXUSDT,8,0.45393039107503885,3.631443128600311,2.9913711930105213,0.375,0.6400719355897895,0.8237417156422614,1322,6641321.989275,0.9837922175497147,-0.8723285114325712,-0.9761600928074246,-0.9682598607888631,0.601059748202113,A 密集突破
LSKUSDT,6,0.5737066173600701,3.4422397041604205,2.991594311632507,0.6666666666666666,0.45064539252791347,0.8690836689893366,933,2897453.614,0.9980043629765202,-0.938716744913928,-0.9741312320708813,-0.9715603326191946,3.2469280917098176,A 密集突破
ASTRUSDT,9,0.37999512896929155,3.4199561607236237,2.9923116685670847,0.5555555555555556,0.427644492156539,0.8749561479565708,1278,6607235.979049999,0.8584672642335706,-0.9431620154059857,-0.9764592050209205,-0.9764592050209205,0.13701312508739819,A 密集突破
BSVUSDT,9,0.3513696996443842,3.162327296799458,2.990311699159425,0.5555555555555556,0.1720155976400326,0.9456047456523153,1030,5391179.2285,0.9294581712448093,-0.7243636363636363,-0.9068526170798898,-0.8694903581267217,2.4274225642107785,A 密集突破
CKBUSDT,4,0.7657427391113485,3.062970956445394,2.988642847042187,0.5,0.07432810940320689,0.9757333286994451,1264,5686566.66447,1.13059448560217,-0.8447977422389463,-0.975037891676204,-0.9744842092239167,2.011384503755734,A 密集突破
IOUSDT,1,2.9946444121180993,2.9946444121180993,2.9946444121180993,1.0,0.0,1.0,795,15965563.63802,1.2438890797951758,-0.9734277484397503,-0.9830752990851513,-0.980524278676988,0.41569632123591493,A 密集突破
STRKUSDT,1,2.9934490977187607,2.9934490977187607,2.9934490977187607,0.0,0.0,1.0,907,25901800.18164,1.1113366156801938,-0.9882698096841676,-0.9913996883669669,-0.9912628738646296,0.5053542201815975,A 密集突破
NOTUSDT,1,2.993389226366335,2.993389226366335,2.993389226366335,1.0,0.0,1.0,821,18764756.7313206,1.2778937140430398,-0.9496358098265131,-0.9856854838709678,-0.9833318723702664,1.4914033677955503,A 密集突破
SAGAUSDT,1,2.992692838967648,2.992692838967648,2.992692838967648,1.0,0.0,1.0,858,15547645.81126,1.4162073126413897,-0.9979834161509618,-0.9981708990031399,-0.9979834161509618,1.202377125098799,A 密集突破
ARKMUSDT,5,0.5933408319639245,2.9667041598196224,2.9941903405257078,0.2,-0.027486180706085328,1.0092648876414279,1114,24612118.240450002,1.225011527785685,-0.8319188191881919,-0.9771536050156739,-0.9771536050156739,0.9124530859884064,A 密集突破
ENSUSDT,11,0.26869901902777377,2.9556892093055116,2.990597297035771,0.5454545454545454,-0.03490808773025922,1.0118104730430915,1322,24375467.0234,1.0053384825369789,-0.6274437815511702,-0.9153076002770606,-0.9148038536616082,1.4688237821417984,A 密集突破
AAVEUSDT,8,0.3647286944040801,2.917829555232641,2.9900032210245064,0.0,-0.07217366579186546,1.024735394725999,1322,92689158.3555,0.8938253727915497,0.6592436168170475,-0.8411704874422972,-0.7745872779907675,0.4654234620093189,A 密集突破
BCHUSDT,10,0.2878585572551387,2.878585572551387,2.985971885684922,0.5,-0.10738631313353508,1.037305235653757,1322,139766031.60847998,0.8314204126091417,1.1165770979743694,-0.7259739324548138,-0.7050478865125658,2.7355630412476604,A 密集突破
WAXPUSDT,7,0.39928803793776296,2.7950162655643407,2.9915884310212437,0.42857142857142855,-0.19657216545690304,1.0703295246896223,1032,2756773.19369,0.8165882841067194,-0.9415203761755486,-0.9663296826734064,-0.9650753533651596,0.04452829141313621,A 密集突破
TRXUSDT,8,0.34068771195092173,2.725501695607374,2.977154877692669,0.375,-0.25165318208529497,1.0923327923409032,1322,64709573.33809,0.6543015078420538,5.073972602739726,-0.5115694281034444,-0.23281888019932173,16.196597516626316,A 密集突破
BEAMXUSDT,3,0.8428677850583277,2.528603355174983,2.9919575068243858,0.6666666666666666,-0.46335415164940263,1.1832450908922163,1002,10804872.9369515,1.0650199073967002,-0.8338427680645556,-0.9695957862064101,-0.968043830977967,0.08749228845102942,A 密集突破
ANKRUSDT,9,0.26809188357601393,2.4128269521841252,2.9912329361519587,0.7777777777777778,-0.5784059839678335,1.2397212876970942,1322,7884265.092695,0.8377946217041778,-0.7850383631713556,-0.9513637711236288,-0.9501630595908687,0.10410322366420124,A 密集突破
ARKUSDT,10,0.23703860225432197,2.3703860225432196,2.991915486441165,0.6,-0.6215294638979452,1.26220601116737,1061,7122542.9016,1.088841162948298,-0.8586420734615996,-0.9503351955307262,-0.9503351955307262,1.9115968411107434,A 密集突破
APEUSDT,7,0.3327323307709147,2.329126315396403,2.9914126498848566,0.42857142857142855,-0.6622863344884538,1.2843496851632699,1322,49650070.14965,1.0605911722905645,-0.9680900621118013,-0.9868513212352754,-0.9803724928366763,3.43565949789533,A 密集突破
NMRUSDT,6,0.36678948212952456,2.2007368927771473,2.9891553259735018,0.5,-0.7884184331963544,1.3582520181235458,1150,5541810.9095,1.2292222676766886,-0.40259067357512957,-0.8799847211611918,-0.845855614973262,5.3302707087698105,A 密集突破
TUSDT,9,0.23337588754285113,2.10038298788566,2.9833060223083967,0.5555555555555556,-0.8829230344227366,1.4203628764445129,1291,5712602.86817,0.9313596473025705,-0.9338180389074474,-0.9472819010416667,-0.9451822916666667,2.25383625234665,A 密集突破
MAGICUSDT,5,0.4073505444722173,2.0367527223610864,2.993592478163024,0.4,-0.9568397558019375,1.469786904073819,1298,15105708.184235,1.2492491927893619,-0.965798826349285,-0.9815438134637081,-0.9805471981948101,1.9826558255396498,A 密集突破
C98USDT,6,0.325319214578511,1.951915287471066,2.9901207003729797,0.5,-1.0382054129019138,1.5318906099900627,1322,8643650.043699998,1.0340867379459555,-0.9129861982434128,-0.9745199909645358,-0.9686695278969957,0.4114594576288109,A 密集突破
GRTUSDT,6,0.3248740749225375,1.949244449535225,2.993717467149478,0.3333333333333333,-1.044473017614253,1.5358348040253729,1322,22045720.50172,0.9833987274914805,-0.7605384342897626,-0.9703834677864958,-0.9701182451099569,1.7342210122778874,A 密集突破
GASUSDT,6,0.3209083075876317,1.9254498455257902,2.9874867987575437,0.3333333333333333,-1.0620369532317535,1.5515786119797572,1025,6941888.3947,1.0751485588095657,-0.674547983310153,-0.9581745558055186,-0.9570267664478215,1.8910666951200443,A 密集突破
GLMUSDT,6,0.3202783920760181,1.9216703524561085,2.986450289241077,0.6666666666666666,-1.0647799367849684,1.5540908384333771,905,5992039.08473,0.986845176644462,-0.7607965321051205,-0.877501049391353,-0.8764656499230447,1.4475599896238496,A 密集突破
AXSUSDT,8,0.22583078048964325,1.806646243917146,2.9936216380886056,0.5,-1.1869753941714596,1.6570048775004649,1322,31060053.726499997,0.9838035181541251,-0.8590794052515027,-0.9366530097699338,-0.9298061771194454,1.3166929974927362,A 密集突破
AGLDUSDT,7,0.25557226204937317,1.7890058343456121,2.9919472431319574,0.42857142857142855,-1.2029414087863453,1.6724077617255848,1113,6366980.5359,1.3288607413806914,-0.7838774150566289,-0.9569787338059155,-0.9433599888256452,2.410039882069393,A 密集突破
TNSRUSDT,3,0.5900625665220058,1.7701876995660175,2.605399457881326,0.6666666666666666,-0.8352117583153085,1.471821015658436,859,8071385.70912,2.238328532492453,-0.9804770531400966,-0.9848544755628775,-0.9822460186710599,10.841971336332223,A 密集突破
ZETAUSDT,2,0.8294396376874568,1.6588792753749135,2.6663104151697734,0.5,-1.0074311397948599,1.607296235928426,925,7000108.2111,1.1530471091060213,-0.983649530193309,-0.9899532968043246,-0.9899532968043246,1.7621895232863398,A 密集突破
ETCUSDT,8,0.20313745280140033,1.6250996224112026,2.990948931020573,0.625,-1.3658493086093704,1.8404711254457276,1322,87404013.73361,0.7322228510551164,-0.6064254483239339,-0.837959822593269,-0.837959822593269,0.5893399015966692,A 密集突破
BIGTIMEUSDT,4,0.4033066674620332,1.6132266698481328,2.557675311425518,0.5,-0.9444486415773852,1.5854407562368742,1038,17008409.20025,1.371957715295625,-0.980874857360213,-0.9942333212691519,-0.9939341295693087,2.2124180877147177,A 密集突破
JASMYUSDT,12,0.1307192796212285,1.568631355454742,2.9925463161885504,0.4166666666666667,-1.4239149607338084,1.9077435280012105,1322,20746292.62714,1.1513545292685654,0.19756468797564675,-0.9322693387049568,-0.9322693387049568,1.735695769269919,A 密集突破
POWRUSDT,6,0.2309207189814758,1.3855243138888547,2.9918832402948823,0.5,-1.6063589264060276,2.159387035148694,1023,3714778.5928,0.946976818240493,-0.8460297239915074,-0.962463768115942,-0.962463768115942,1.1288314668012123,A 密集突破
TWTUSDT,9,0.1510177099470522,1.3591593895234697,2.9916272640118744,0.6666666666666666,-1.6324678744884047,2.2010864119923115,1016,4342719.52665,0.7682957360624739,-0.6709761885279437,-0.809397367813438,-0.7678942507504041,0.40761026448652843,A 密集突破
ONEUSDT,9,0.14894327705055688,1.3404894934550118,2.994644820096327,0.3333333333333333,-1.6541553266413151,2.2339935036550367,1322,7519904.047745001,1.0143281586704975,-0.9272549019607843,-0.9845042678923178,-0.9837601225651127,0.05296249187935308,A 密集突破
FLOWUSDT,8,0.14966027751103747,1.1972822200882998,2.990658211428983,0.75,-1.7933759913406833,2.4978723990475875,1322,17081761.4157,0.9189415593278097,-0.9531354642313546,-0.9855103280680437,-0.9812940461725395,0.3442823175056058,A 密集突破
METISUSDT,5,0.2337971620957548,1.168985810478774,2.9935544235610982,0.6,-1.8245686130823242,2.56081331075785,886,4181075.51203,1.0905848148973658,-0.9818665450676395,-0.9821500710705469,-0.9821500710705469,0.3933349858374103,A 密集突破
BANDUSDT,10,0.11485427230258613,1.1485427230258614,2.9924669683023764,0.4,-1.843924245276515,2.605446805164248,1322,6384257.13319,0.9330414019914545,-0.8886355539722124,-0.9496759711813475,-0.9434126208319756,0.5155655105226964,A 密集突破
HBARUSDT,12,0.09218668396024239,1.1062402075229087,2.9932033328742595,0.5,-1.8869631253513508,2.705744478024927,1322,39491297.60261,1.021643124309312,0.733421052631579,-0.8251509161814199,-0.824055772210054,3.9707183446770813,A 密集突破
ONDOUSDT,8,0.12931252257938206,1.0345001806350564,2.9898443417136344,0.25,-1.955344161078578,2.8901341900957775,938,102723677.61706999,1.082867757886039,0.5852713178294573,-0.889830923793188,-0.8396471453075227,1.0917955884550261,A 密集突破
REZUSDT,1,1.0257554567019675,1.0257554567019675,1.0257554567019675,1.0,0.0,1.0,837,11561570.984,1.2929414992836281,-0.9829231730168645,-0.9879097510373444,-0.9858195020746888,0.9425392834077905,A 密集突破
MAVUSDT,3,0.32679395975245634,0.9803818792573691,2.994462254086118,0.3333333333333333,-2.014080374828749,3.0543835187512824,1143,6982483.7389,1.1485347005575581,-0.9780338821283703,-0.9900816070307595,-0.9884419334588826,0.7229857359499409,A 密集突破
TURBOUSDT,3,0.32607167090545186,0.9782150127163556,2.9923978553481096,0.3333333333333333,-2.014182842631754,3.0590389806415588,807,29251937.0896749,1.518658408667157,-0.8704362139917695,-0.9441075294326977,-0.9416461552148513,1.748445476721947,A 密集突破
GALAUSDT,3,0.32552231135401133,0.976566934062034,2.9928305334386405,0.3333333333333333,-2.0162635993766065,3.064644551285338,1322,76961026.458125,1.0845588484491624,-0.9005334914048607,-0.980137731061979,-0.9797269542104627,1.0609996998966404,A 密集突破
ARUSDT,7,0.13588917088435037,0.9512241961904526,2.9927088565210114,0.14285714285714285,-2.0414846603305588,3.146165613223968,1322,19627121.42515,1.1404429543765378,-0.7268154668343288,-0.9681109978574252,-0.9638466498866307,1.024887060126107,A 密集突破
GMTUSDT,7,0.13511265397426886,0.945788577819882,2.9933215704122147,0.42857142857142855,-2.0475329925923327,3.1648950310988733,1322,32067472.988585003,1.004153601449041,-0.9737962577962578,-0.9897428385416667,-0.9897428385416667,0.7224782821248268,A 密集突破
RUNEUSDT,7,0.13440310172143732,0.9408217120500613,2.9912361602022424,0.42857142857142855,-2.050414448152181,3.179386829502802,1322,29204258.4295,1.0244625528066467,-0.6741835147744946,-0.9697266729500471,-0.9605089538171536,-0.09836526783185062,A 密集突破
CHRUSDT,7,0.13421994315604685,0.9395396020923279,2.9915356734693876,0.14285714285714285,-2.0519960713770597,3.184044256151974,1322,7895830.827199999,0.9867897633834918,-0.8734463276836159,-0.9751118340788939,-0.9726718178121188,0.13289081399354402,A 密集突破
RIFUSDT,7,0.1328874924266207,0.9302124469863449,2.9924750545716408,0.2857142857142857,-2.062262607585296,3.2169802331354624,1029,3766138.83077,1.3124839005076792,-0.3231041605193271,-0.9061663947797716,-0.7754649265905383,2.0973614932920652,A 密集突破
ICXUSDT,10,0.09232404464300104,0.9232404464300104,2.99307682577163,0.4,-2.06983637934162,3.241925586498372,1322,5339279.2743,0.84825574787872,-0.8710084033613446,-0.9534024791297748,-0.9534024791297748,0.2679139358115516,A 密集突破
CRVUSDT,11,0.08287856451318386,0.9116642096450225,2.9923605227579992,0.36363636363636365,-2.080696313112977,3.2823055803881385,1322,87579971.91119999,1.0029087036498416,-0.547438330170778,-0.8565799842395587,-0.8120567375886525,0.2898407712603479,A 密集突破
OGNUSDT,11,0.07123252234391328,0.783557745783046,2.990077891237236,0.5454545454545454,-2.20652014545419,3.816027481483334,1322,6900237.927100001,1.010534541199536,-0.8105263157894738,-0.9433086227077643,-0.9367928209129925,2.2282343246525147,A 密集突破
XMRUSDT,14,0.01745369600841053,0.2443517441177474,2.985605320217282,0.2857142857142857,-2.7412535760995347,12.21847354107114,1322,24981197.324249998,0.6656852884948,1.6957429610669537,-0.5876443856662493,-0.4369345920621298,-0.9647882768531651,A 密集突破
CELOUSDT,9,0.016119081681633757,0.1450717351347038,2.9911747967479676,0.5555555555555556,-2.8461030616132637,20.61859116781477,1322,19703711.08915,0.9525043504868691,-0.8747708333333333,-0.9670588235294117,-0.9660011312217195,0.9038889060523703,A 密集突破
HOTUSDT,9,0.005326671069249512,0.04794003962324561,2.991233140655106,0.5555555555555556,-2.9432931010318604,62.3952997152862,1322,6349641.8343345,0.8714105933934195,-0.775974930362117,-0.9347181675275096,-0.9277565686054345,0.45891759369276475,A 密集突破
BLURUSDT,4,-0.00602543361196084,-0.02410173444784336,2.9940629260328557,0.5,-3.018164660480699,,1205,16195241.6773,1.0863371744207024,-0.980911598200029,-0.9837526335357542,-0.9837030610980295,1.1105414474303554,A 密集突破
BOMEUSDT,4,-0.006160982904742929,-0.024643931618971715,2.992719849018256,0.25,-3.0173637806372273,,882,37562816.4982405,1.307288362735259,-0.9619967329681944,-0.9824060728355914,-0.9619967329681944,0.11212175355811546,A 密集突破
ETHWUSDT,4,-0.006692013483140802,-0.026768053932563207,2.9931517187988996,0.25,-3.0199197727314626,,991,2712976.8242,1.0882647183390397,-0.9212579885637403,-0.9619361554476058,-0.9593858431644691,0.9467649695574196,A 密集突破
ILVUSDT,4,-0.00681674072159677,-0.02726696288638708,2.992864441975157,0.25,-3.020131404861544,,1009,4841921.4938,1.0038365905462245,-0.9666909924937448,-0.9817752030896257,-0.9787255293647623,0.7286119862446215,A 密集突破
YGGUSDT,4,-0.007143412867855692,-0.028573651471422767,2.99261054209343,0.25,-3.021184193564853,,1106,13478433.14855,1.2195207399455545,-0.9559790895229797,-0.9897903426976302,-0.9879966739918038,0.5445203997739471,A 密集突破
RSRUSDT,8,-0.007562432454768342,-0.060499459638146735,2.9911986598116815,0.5,-3.0516981194498283,,1322,11616534.43246,1.397888802088287,-0.6008374040474529,-0.9587469581675615,-0.9558113484491483,7.883727981681677,A 密集突破
API3USDT,8,-0.008286128597037756,-0.06628902877630205,2.993353767587504,0.5,-3.059642796363806,,1322,10511999.14481,1.207823101655261,-0.8135375494071146,-0.9597796738308673,-0.9592396587104439,3.1144312943507573,A 密集突破
TLMUSDT,8,-0.008567937881383936,-0.06854350305107149,2.9907783079094146,0.125,-3.059321810960486,,1234,4079996.7385050002,1.1274509196089415,-0.9200503778337531,-0.9736965418137515,-0.9504232919933773,2.7196773209899807,A 密集突破
CELRUSDT,8,-0.00890153929681431,-0.07121231437451447,2.989876306620209,0.25,-3.0610886209947235,,1322,5135933.90803,0.9479899647531008,-0.7924843423799582,-0.9619195046439628,-0.9487100103199174,0.008370056765595227,A 密集突破
1000XECUSDT,8,-0.011481346445923885,-0.09185077156739108,2.9894125534395646,0.375,-3.0812633250069554,,1322,4782859.831695,0.931348538165273,-0.7065610859728506,-0.9386063325853902,-0.9191598105210671,3.94387063898422,A 密集突破
NEOUSDT,7,-0.01819802415851208,-0.12738616910958456,2.9911360242841907,0.7142857142857143,-3.1185221933937752,,1322,17564110.23089,0.8930103287654175,-0.7353677621283254,-0.9362182430364249,-0.9352999693908784,1.5108823654091086,A 密集突破
COMPUSDT,11,-0.05141450177520883,-0.5655595195272971,2.992106791101315,0.45454545454545453,-3.557666310628612,,1322,16433391.868250001,0.9050015670262898,-0.488261421319797,-0.8739097931721904,-0.8660187723232826,1.139099334544153,A 密集突破
LISTAUSDT,5,-0.13746813566991484,-0.6873406783495741,2.993112582781457,0.6,-3.680453261131031,,786,8468342.68055,1.3069000968981928,-0.9168277092314553,-0.9443701085584448,-0.9293738954809392,1.4999015347897215,A 密集突破
AUCTIONUSDT,8,-0.09879704264877043,-0.7903763411901634,2.9909407943123316,0.5,-3.781317135502495,,974,11515474.945085,1.2222222503555868,-0.8998223801065719,-0.9452448448603937,-0.9452448448603937,0.9405568722370748,A 密集突破
GMXUSDT,12,-0.06867180376356478,-0.8240616451627774,2.9920441889505125,0.5833333333333334,-3.81610583411329,,1275,7226720.70358,0.8765097739841516,-0.9191072731695451,-0.9408647922034278,-0.9254956872409544,0.3153420515191533,A 密集突破
ARPAUSDT,10,-0.09762036526712252,-0.9762036526712252,2.988746707040121,0.4,-3.964950359711346,,1322,6628525.47933,1.0558433584259561,-0.6829323308270676,-0.9328083989501312,-0.9262117235345582,2.409976764463021,A 密集突破
ACEUSDT,1,-1.0054139777545668,-1.0054139777545668,-1.0054139777545668,1.0,-1.0054139777545668,,971,7347945.822764,1.4149099514999004,-0.9817699229623875,-0.9959085743969351,-0.9835433914483296,3.827171106934438,A 密集突破
XAIUSDT,1,-1.006247713226205,-1.006247713226205,-1.006247713226205,0.0,-1.006247713226205,,949,14158409.84946,1.2072303324270621,-0.9889593739593739,-0.9961299379693112,-0.9956702579170748,0.7155013299326894,A 密集突破
ALTUSDT,1,-1.006747215801639,-1.006747215801639,-1.006747215801639,0.0,-1.006747215801639,,933,13400340.03177,1.1363421300342793,-0.9817055755619024,-0.991560915609156,-0.991160411604116,0.37591218407214316,A 密集突破
DYMUSDT,1,-1.0067976390484423,-1.0067976390484423,-1.0067976390484423,0.0,-1.0067976390484423,,920,8815154.51315,1.3285865957514036,-0.9974646658523818,-0.9984421382888862,-0.9982466513816821,1.9177309482962006,A 密集突破
AEVOUSDT,1,-1.0071413804306093,-1.0071413804306093,-1.0071413804306093,0.0,-1.0071413804306093,,885,9208007.74261,1.179192790989905,-0.993984520123839,-0.9952921628357796,-0.994619219052894,0.4777115366699949,A 密集突破
MANTAUSDT,1,-1.0090839198700596,-1.0090839198700596,-1.0090839198700596,1.0,-1.0090839198700596,,940,12548348.3528,1.1062236775447154,-0.973829924451815,-0.9857654772796585,-0.9855621632611569,-0.10377120068561034,A 密集突破
WOOUSDT,8,-0.12739917219894875,-1.01919337759159,2.990436413216039,0.5,-4.0096297908076295,,1322,8896104.26265,1.038661123125021,-0.9163273453093812,-0.9828500360018328,-0.9828500360018328,0.12293037574889441,A 密集突破
ETHFIUSDT,5,-0.20720309662195277,-1.0360154831097639,2.9902334330910647,0.2,-4.026248916200829,,880,60625017.055095,1.309956606441644,-0.8560858424087123,-0.9638885386458202,-0.9433488841255832,1.2819177137544338,A 密集突破
RONINUSDT,5,-0.2073128949788888,-1.036564474894444,2.993213884206879,0.6,-4.029778359101323,,921,4205443.33284,0.9449850504870034,-0.9818955732122588,-0.9893849296413981,-0.9891398093508852,1.0160166623033204,A 密集突破
BICOUSDT,5,-0.20871763899894877,-1.0435881949947439,2.9923972494645477,0.2,-4.035985444459292,,1052,3837992.96345,1.347130708386574,-0.9025272161741835,-0.9877334191886671,-0.9730950847821421,3.138753870656662,A 密集突破
ONGUSDT,5,-0.2102395574450185,-1.0511977872250924,2.9898353454420015,0.4,-4.041033132667094,,992,3035121.184685,0.9176630831044224,-0.895757436015679,-0.9452698687125183,-0.938935112647901,1.561841117311179,A 密集突破
UMAUSDT,10,-0.15545242879769877,-1.5545242879769878,2.98946420890937,0.7,-4.543988496886358,,1193,7073773.718,1.0977819235000925,-0.8731203739774056,-0.9442787794729542,-0.9435332871012483,5.2891105231362685,A 密集突破
MOVRUSDT,4,-0.3940866336556213,-1.5763465346224852,1.4473077811370243,0.5,-3.0236543157595097,,963,4408645.84946,1.3051930383328554,-0.9737762237762237,-0.9737762237762237,-0.9737762237762237,4.561232525068422,A 密集突破
SPELLUSDT,9,-0.18134061772706536,-1.6320655595435882,2.9886731898238748,0.4444444444444444,-4.620738749367463,,1322,5680024.26243515,1.0726099040512345,-0.8528252299605782,-0.95620772669953,-0.9550613321105125,2.9846835846802446,A 密集突破
LUNA2USDT,5,-0.3431135320465435,-1.7155676602327175,2.315843028049028,0.4,-4.0314106882817455,,1322,12396483.87555,1.10145573995932,-0.96685651868612,-0.9824655269911697,-0.9815215972856584,2.568531307381824,A 密集突破
PYTHUSDT,6,-0.29016226669470174,-1.7409736001682103,2.9925367594952776,0.3333333333333333,-4.733510359663488,,997,22511674.9475,1.2231749438466046,-0.906887573964497,-0.9717589220684633,-0.9641842680262199,3.975521267728549,A 密集突破
WUSDT,2,-1.0069461623378337,-2.0138923246756675,-1.0058418598982297,0.0,-2.0138923246756675,,864,20005368.229354,1.1266110427393947,-0.993720397249809,-0.9939419404125287,-0.993720397249809,0.11322927107678438,A 密集突破
ZKUSDT,2,-1.0075303246705305,-2.015060649341061,-1.0058575772832343,1.0,-2.015060649341061,,789,15652381.74312,1.1924204422575584,-0.964868544600939,-0.9724942791762013,-0.9714607170099161,2.7704821231274055,A 密集突破
DUSKUSDT,6,-0.3420070914219256,-2.0520425485315537,2.9923457943925236,0.5,-5.044388342924077,,1322,7930316.352645,1.2253632485020522,-0.25085574572127134,-0.9407510387703458,-0.904276922115655,1.5348301886723195,A 密集突破
JTOUSDT,6,-0.3422732318128059,-2.0536393908768353,2.9941578283311037,0.5,-5.047797219207939,,981,37514560.4741,1.2304115880579058,-0.8409090909090909,-0.9514272842691567,-0.8831756563050334,0.8184211974598065,A 密集突破
ZROUSDT,6,-0.34256753572747006,-2.0554052143648205,2.990816570881226,0.5,-5.046221785246047,,786,30386533.31125,1.113926995611078,-0.7682877111240536,-0.9005496416892785,-0.8892785083142002,0.7424122756614302,A 密集突破
STEEMUSDT,6,-0.3444581783841684,-2.0667490703050104,2.988031204432779,0.5,-5.054780274737789,,1011,2558387.481,0.857537466961097,-0.8765371024734983,-0.9036934950385888,-0.9036934950385888,1.8975327101054726,A 密集突破
TRBUSDT,10,-0.2080625224112719,-2.080625224112719,2.9909153744107932,0.5,-5.071540598523512,,1322,30731357.900399998,1.3076623799003564,0.09744224422442249,-0.9508138058409327,-0.9488206548924545,1.8203030964838631,A 密集突破
IOTAUSDT,10,-0.20994286014121039,-2.0994286014121037,2.9936980132450333,0.4,-5.0931266146571375,,1322,10346102.55603,0.8855798238321786,-0.8070971495055265,-0.9354617094362497,-0.9329965649626187,1.41439961736558,A 密集突破
CAKEUSDT,10,-0.2128565763472805,-2.128565763472805,2.981711588402432,0.6,-5.1102773518752365,,1017,17855764.4903,0.9883729574463703,-0.08784604564925513,-0.7761171002642084,-0.7248568067421364,1.3858476422662798,A 密集突破
QTUMUSDT,11,-0.1952887962189493,-2.148176758408442,2.9896947141882317,0.5454545454545454,-5.137871472596673,,1322,8339795.3081,0.8349057563982167,-0.6353567625133121,-0.8898048100383409,-0.8806552805855699,0.5304104357210906,A 密集突破
KASUSDT,10,-0.23713601319666386,-2.3713601319666386,2.9826265810425885,0.6,-5.353986713009228,,1002,15219831.829935,0.8950236611717215,-0.8150759613287781,-0.8769949396652394,-0.876216426625146,0.35875104545506803,A 密集突破
DASHUSDT,12,-0.2192620914709101,-2.631145097650921,2.987709573439347,0.5,-5.6188546710902685,,1322,12021984.316545,1.0061113041982235,-0.2856127044323299,-0.7543089161418628,-0.7502485913158767,2.0939210741982315,A 密集突破
INJUSDT,7,-0.43617487194900134,-3.0532241036430094,2.9946537763371146,0.2857142857142857,-6.047877879980124,,1322,88406066.5939,1.080894868333633,2.357704402515723,-0.9471949738865656,-0.9176896837480005,0.42987340828021925,A 密集突破
RLCUSDT,7,-0.43851497827803343,-3.069604847946234,2.987007510777299,0.2857142857142857,-6.056612358723533,,1322,6105359.48274,0.9741871256857135,-0.7642533549876058,-0.9463218092019756,-0.9402564769084135,1.4103788201676468,A 密集突破
STORJUSDT,7,-0.43868841219265825,-3.070818885348608,2.9912692085366146,0.2857142857142857,-6.062088093885222,,1322,11271318.34685,1.0275723464043365,-0.8271961492178099,-0.9608499010647319,-0.9594082728728918,1.4417923369034893,A 密集突破
ALICEUSDT,11,-0.28011800379567064,-3.081298041752377,2.9940491441192707,0.45454545454545453,-6.075347185871648,,1322,9128601.38575,1.1323186277418935,-0.8492944496707432,-0.9582697201017811,-0.9320610687022901,1.3818412266639597,A 密集突破
USTCUSDT,11,-0.28090391729196856,-3.089943090211654,2.9928096243023354,0.2727272727272727,-6.0827527145139895,,992,6527004.122724,1.1212314336517888,-0.8925399644760214,-0.9295162078514416,-0.9211597980127056,1.764169556408939,A 密集突破
ZENUSDT,11,-0.28126856262467326,-3.0939541888714057,2.9938172708775452,0.45454545454545453,-6.087771459748951,,1322,13035661.05565,1.1507354244202095,-0.5702127659574467,-0.9018665158371041,-0.8961332784862197,1.8874040881437708,A 密集突破
ICPUSDT,8,-0.40370078855360053,-3.2296063084288043,2.991473134768504,0.375,-6.221079443197308,,1322,33109393.505999997,0.9681858619702127,-0.4413741598207618,-0.8938494668837649,-0.8821366668417459,1.1682885704958559,A 密集突破
MANAUSDT,7,-0.4845885163385298,-3.3921196143697085,1.3934239879054022,0.7142857142857143,-4.78554360227511,,1322,22261242.23365,0.8750161010091967,-0.7854298041818786,-0.923238566131026,-0.9200865265760197,0.6141866902073488,A 密集突破
1000SATSUSDT,4,-0.852637603813217,-3.410550415252868,-0.3889086445277165,0.75,-3.410550415252868,,977,45867129.9106647,1.3327999782464062,-0.9812545454545455,-0.9896977388094139,-0.9881056760498385,1.1272420778717647,A 密集突破
NEARUSDT,11,-0.3416867163036577,-3.758553879340235,2.99172609561753,0.6363636363636364,-6.750279974957765,,1322,130158330.935,1.0047060238705119,0.2864992150706436,-0.8917061077304484,-0.8153031327473519,0.824905106729576,A 密集突破
JUPUSDT,6,-0.6648623808386681,-3.989174285032009,1.0607287247317192,0.3333333333333333,-5.049903009763728,,927,43678568.8191,1.0710357586829784,-0.7443053250867401,-0.9212774496875179,-0.9028152055501405,0.5161473476085854,A 密集突破
ORDIUSDT,4,-1.0062702011339129,-4.025080804535651,-1.005259925184023,0.5,-4.025080804535651,,1012,99792216.16780001,1.6598993240564541,-0.7469026548672566,-0.9753807397228902,-0.9607007901064926,5.646415995902582,A 密集突破
STXUSDT,4,-1.0076209190686187,-4.030483676274475,-1.0062151494291767,0.5,-4.030483676274475,,1271,39599501.6815,1.0283379611323051,-0.8120960295475531,-0.9666666666666667,-0.9666666666666667,1.0184450693986535,A 密集突破
JOEUSDT,4,-1.0081227373442727,-4.032490949377091,-1.0064842767327267,0.25,-4.032490949377091,,1235,4622546.44095,1.0563353448108488,-0.9517085862966175,-0.979473125884017,-0.9753889674681754,1.1535358825504405,A 密集突破
1000RATSUSDT,4,-1.0085045738873568,-4.034018295549427,-1.005462207778593,0.25,-4.034018295549427,,974,16526907.611005,1.9195912947232947,-0.9101381953315526,-0.9750081018739157,-0.9262443525172999,3.3530889967163873,A 密集突破
XVSUSDT,5,-0.8158899925093277,-4.079449962546638,-0.04503853205874778,1.0,-4.079449962546638,,1220,4111885.7236,0.9432694201304147,-0.6227869788692175,-0.870940364377051,-0.8505148806155935,0.8383603299157861,A 密集突破
KAVAUSDT,8,-0.5118774911181369,-4.095019928945095,2.984820698309589,0.5,-7.079840627254684,,1322,13721311.33103,0.8324140005087265,-0.9241932475284462,-0.9659910100924434,-0.9655330336697481,-1.1719564513599137,A 密集突破
1000LUNCUSDT,10,-0.41517657549676823,-4.151765754967682,2.987481701738335,0.4,-7.139247456706017,,1322,23133002.466035,1.062389461627899,-0.6800399201596806,-0.8964554409369425,-0.8135034514853021,3.1069194445433337,A 密集突破
SSVUSDT,11,-0.45545908100004573,-5.010049891000503,2.9947063023245932,0.2727272727272727,-8.004756193325097,,1268,13422241.37275,1.1221850390408752,-0.9447694334650857,-0.9687983578083057,-0.9669035212379599,0.3758617073153237,A 密集突破
DODOXUSDT,5,-1.0070748027047576,-5.035374013523788,-1.0057255570356018,0.4,-5.035374013523788,,1103,2867753.12542,1.1183303835274154,-0.8255113192818111,-0.9579184634714584,-0.9294368713813983,0.9181551142663521,A 密集突破
LQTYUSDT,5,-1.0071287368113158,-5.035643684056579,-1.005671756406822,0.4,-5.035643684056579,,1254,9116477.6461,1.0994632901524855,-0.9076748796374965,-0.9468310926918023,-0.9340948145153138,0.7667859705865465,A 密集突破
BATUSDT,5,-1.0108467202025195,-5.054233601012598,-1.0094895209580839,0.4,-5.054233601012598,,1322,6861760.31123,0.8221603787834777,-0.6631766805472933,-0.8495749202975558,-0.8495749202975558,0.2731437388222335,A 密集突破
KNCUSDT,13,-0.3956058042854495,-5.142875455710843,2.9857985973843113,0.46153846153846156,-8.128674053095155,,1322,6669821.777000001,0.9473071670411056,-0.7815991237677985,-0.9113856546084792,-0.9113856546084792,4.921352390124773,A 密集突破
LTCUSDT,9,-0.5841894088712148,-5.257704679840933,1.8202296431627436,0.4444444444444444,-7.077934323003677,,1322,196246848.8887,0.701481237927232,-0.3817720090293454,-0.7015034301561816,-0.6801926726025398,0.22180073436377185,A 密集突破
ADAUSDT,12,-0.4558172087447776,-5.469806504937331,2.9896908407572385,0.5833333333333334,-8.459497345694569,,1322,252253826.3764,0.8764006719792905,-0.27942353883106485,-0.883056640625,-0.853515625,3.1828134315757484,A 密集突破
ZRXUSDT,11,-0.5006919124164448,-5.507611036580893,2.9894443641523565,0.5454545454545454,-8.497055400733249,,1322,9459269.312479999,0.996546861948066,-0.4890365448504983,-0.9441053173494153,-0.9434434066338163,1.7938191073146788,A 密集突破
BNTUSDT,7,-0.7946595326604852,-5.5626167286233965,0.4950531602099667,0.42857142857142855,-6.057669888833363,,1101,2526440.66745,0.8392767414797341,-0.5824442289039768,-0.832663898155082,-0.8241541289400232,1.0196882746783218,A 密集突破
MTLUSDT,10,-0.6115888606187865,-6.115888606187864,2.99090361062999,0.3,-9.106792216817855,,1322,7187870.49945,0.8164687599328915,-0.7314640844052609,-0.932873297445717,-0.932873297445717,0.21239253262579502,A 密集突破
ZILUSDT,8,-0.7755020079566199,-6.2040160636529595,0.855345262068428,0.75,-7.059361325721388,,1322,10137250.22841,0.8220436582446768,-0.8575906576521205,-0.9428465712876172,-0.9428465712876172,0.1483737195531204,A 密集突破
PEOPLEUSDT,7,-1.0064237533924278,-7.044966273746995,-1.0052290682166203,0.2857142857142857,-7.044966273746995,,1322,27241667.645165,1.3445193909906537,-0.6244938271604938,-0.9632509618230246,-0.9437407517016869,2.119420238674406,A 密集突破
POLYXUSDT,7,-1.008470040098171,-7.059290280687197,-1.006490002647932,0.7142857142857143,-7.059290280687197,,1025,6608783.3762,1.0940993158501693,-0.8637352245862884,-0.955515767052032,-0.955515767052032,2.5420204826513433,A 密集突破
XVGUSDT,11,-0.6481716207938732,-7.129887828732605,2.982332888465205,0.45454545454545453,-10.112220717197811,,1137,5691604.919854,1.3176457981129641,-0.715386695511087,-0.9070481136668781,-0.8964742218353325,3.0886656171688904,A 密集突破
ACHUSDT,11,-0.7061286472830685,-7.767415120113753,2.324064564086228,0.2727272727272727,-10.091479684199982,,1270,11468328.295704499,1.0760650605765107,-0.908960810215764,-0.9199671258609894,-0.9190865685660614,1.6581719667790422,A 密集突破
XLMUSDT,12,-0.6810560655209986,-8.172672786251983,2.9930931301190875,0.6666666666666666,-11.16576591637107,,1322,47133555.544945,0.9106363792966862,1.180024831011174,-0.7446050851078982,-0.7186275906274482,4.329770968872128,A 密集突破
EDUUSDT,9,-1.0097367428412838,-9.087630685571554,-1.007027188110771,0.4444444444444444,-9.087630685571554,,1203,8419913.1231,1.138625909660472,-0.9700919455682236,-0.9815744920993228,-0.9713177200902935,1.598897081707918,A 密集突破
SFPUSDT,14,-1.0189643859413435,-14.265501403178808,-1.0104767694311767,0.42857142857142855,-14.265501403178808,,1322,4867222.714500001,0.6905369411321515,-0.4166457128488811,-0.7704416761041902,-0.7372593431483578,0.13061204988367991,A 密集突破
ASTRUSDT,6,2.3079498878831544,13.847699327298926,2.9903474623052673,0.8333333333333334,10.857351864993658,0.21594543552878773,1278,6607235.979049999,0.8584672642335706,-0.9431620154059857,-0.9764592050209205,-0.9764592050209205,0.13701312508739819,B 回踩20均线
WOOUSDT,6,2.299007008985623,13.794042053913738,2.9837474182604224,0.6666666666666666,10.810294635653316,0.21630696837072882,1322,8896104.26265,1.038661123125021,-0.9163273453093812,-0.9828500360018328,-0.9828500360018328,0.12293037574889441,B 回踩20均线
FILUSDT,8,1.4676428494062892,11.741142795250314,2.990344465894591,0.625,8.750798329355723,0.2546893873996904,1322,133843054.38069999,1.0174735850358523,-0.7808757244043786,-0.9416652136006974,-0.940662598081953,2.969620903874547,B 回踩20均线
FLOWUSDT,6,1.6363346812836037,9.818008087701623,2.9918441341212243,0.5,6.826163953580398,0.3047302576445126,1322,17081761.4157,0.9189415593278097,-0.9531354642313546,-0.9855103280680437,-0.9812940461725395,0.3442823175056058,B 回踩20均线
SUPERUSDT,3,2.981655865987786,8.944967597963357,2.9832058141536515,0.6666666666666666,5.961761783809706,0.3335066093289019,993,9751264.9038,1.1383971382347604,-0.7981835564053537,-0.9625950679880156,-0.9610785895367596,0.7609259175050482,B 回踩20均线
ARUSDT,7,1.2676766094568241,8.873736266197769,2.9918893082348137,0.7142857142857143,5.881846957962955,0.33716229764813405,1322,19627121.42515,1.1404429543765378,-0.7268154668343288,-0.9681109978574252,-0.9638466498866307,1.024887060126107,B 回踩20均线
GALAUSDT,7,1.2616141385042456,8.831298969529719,2.9836544119865733,0.42857142857142855,5.847644557543146,0.33785000624267825,1322,76961026.458125,1.0845588484491624,-0.9005334914048607,-0.980137731061979,-0.9797269542104627,1.0609996998966404,B 回踩20均线
QTUMUSDT,7,1.251939537224919,8.763576760574432,2.9890907835125944,0.5714285714285714,5.774485977061838,0.3410811435988,1322,8339795.3081,0.8349057563982167,-0.6353567625133121,-0.8898048100383409,-0.8806552805855699,0.5304104357210906,B 回踩20均线
JOEUSDT,5,1.3703928069266076,6.8519640346330375,2.9769914777029607,0.6,3.874972556930077,0.4344727238286498,1235,4622546.44095,1.0563353448108488,-0.9517085862966175,-0.979473125884017,-0.9753889674681754,1.1535358825504405,B 回踩20均线
GRTUSDT,5,1.3636283118880752,6.818141559440376,2.99274975906933,0.6,3.8253918003710456,0.43893922309746985,1322,22045720.50172,0.9833987274914805,-0.7605384342897626,-0.9703834677864958,-0.9701182451099569,1.7342210122778874,B 回踩20均线
MAGICUSDT,9,0.7547000351209199,6.792300316088279,2.9930215697979237,0.5555555555555556,3.7992787462903554,0.4406491807655555,1298,15105708.184235,1.2492491927893619,-0.965798826349285,-0.9815438134637081,-0.9805471981948101,1.9826558255396498,B 回踩20均线
API3USDT,9,0.7478060450777042,6.730254405699338,2.984384665996106,0.6666666666666666,3.7458697397032314,0.4434282103019552,1322,10511999.14481,1.207823101655261,-0.8135375494071146,-0.9597796738308673,-0.9592396587104439,3.1144312943507573,B 回踩20均线
ACEUSDT,5,1.2425823533806377,6.212911766903189,2.989555053285855,1.0,3.223356713617334,0.48118421208096307,971,7347945.822764,1.4149099514999004,-0.9817699229623875,-0.9959085743969351,-0.9835433914483296,3.827171106934438,B 回踩20均线
MEMEUSDT,2,2.9895328339035814,5.979065667807163,2.9896680629196717,1.0,2.989397604887491,0.5000226170815983,1016,23767730.3794225,1.3685063184286401,-0.9814905221404325,-0.9909914481721642,-0.9908786768160888,2.369733188101531,B 回踩20均线
C98USDT,6,0.9758748096066402,5.855248857639841,2.989142922454246,0.5,2.8661059351855953,0.5105065549099689,1322,8643650.043699998,1.0340867379459555,-0.9129861982434128,-0.9745199909645358,-0.9686695278969957,0.4114594576288109,B 回踩20均线
COTIUSDT,6,0.9742410884082428,5.845446530449457,2.984517726565819,0.6666666666666666,2.860928803883638,0.5105713842422812,1322,9108185.824275,1.209269926479031,-0.7940971550222566,-0.973202614379085,-0.9604909387997623,2.253426312827233,B 回踩20均线
STGUSDT,6,0.967898810427471,5.807392862564826,2.976287773334567,0.3333333333333333,2.8311050892302587,0.5124998159707925,1322,9012769.146650001,1.1523058142285325,-0.6053576360121513,-0.914495442445753,-0.8847301766556425,1.8483836095564423,B 回踩20均线
CRVUSDT,6,0.9677181767807602,5.806309060684561,2.981930000269243,0.5,2.824379060415318,0.5135672195716146,1322,87579971.91119999,1.0029087036498416,-0.547438330170778,-0.8565799842395587,-0.8120567375886525,0.2898407712603479,B 回踩20均线
BSVUSDT,6,0.9598357993421538,5.759014796052923,2.967855431474289,0.8333333333333334,2.791159364578634,0.5153408241820074,1030,5391179.2285,0.9294581712448093,-0.7243636363636363,-0.9068526170798898,-0.8694903581267217,2.4274225642107785,B 回踩20均线
NEARUSDT,10,0.5568286837682217,5.568286837682217,2.9902823755418506,0.6,2.578004462140367,0.5370201756320705,1322,130158330.935,1.0047060238705119,0.2864992150706436,-0.8917061077304484,-0.8153031327473519,0.824905106729576,B 回踩20均线
ARKMUSDT,5,1.002577886685415,5.012889433427075,2.989818602296962,0.6,2.023070831130113,0.5964262012962382,1114,24612118.240450002,1.225011527785685,-0.8319188191881919,-0.9771536050156739,-0.9771536050156739,0.9124530859884064,B 回踩20均线
AEVOUSDT,3,1.6548331534816352,4.964499460444905,2.9883375723706225,1.0,1.9761618880742828,0.6019413631082993,885,9208007.74261,1.179192790989905,-0.993984520123839,-0.9952921628357796,-0.994619219052894,0.4777115366699949,B 回踩20均线
PIXELUSDT,3,1.6537072002571642,4.9611216007714924,2.9881415566545377,1.0,1.9729800441169547,0.6023116942325821,908,11088445.2729585,1.3645799797298719,-0.9915168641750228,-0.9956677309259055,-0.9948772432015853,2.5716399694521197,B 回踩20均线
ETHWUSDT,3,1.64760385498088,4.94281156494264,2.9838497850087538,0.6666666666666666,1.9589617799338863,0.6036745981117289,991,2712976.8242,1.0882647183390397,-0.9212579885637403,-0.9619361554476058,-0.9593858431644691,0.9467649695574196,B 回踩20均线
GASUSDT,3,1.6435401741088331,4.9306205223265,2.9735533338978,1.0,1.9570671884286996,0.6030789269693659,1025,6941888.3947,1.0751485588095657,-0.674547983310153,-0.9581745558055186,-0.9570267664478215,1.8910666951200443,B 回踩20均线
SKLUSDT,3,1.6427450254369067,4.92823507631072,2.985241424130529,0.6666666666666666,1.9429936521801912,0.6057424976499463,1322,6814725.86498,1.152061388515099,-0.828900883218842,-0.9729146692233941,-0.9721396612336209,2.2266695089458937,B 回踩20均线
ZENUSDT,7,0.6880728512433798,4.816509958703659,2.990165388561034,0.42857142857142855,1.8263445701426244,0.62081578034686,1322,13035661.05565,1.1507354244202095,-0.5702127659574467,-0.9018665158371041,-0.8961332784862197,1.8874040881437708,B 回踩20均线
STXUSDT,7,0.6850964073010698,4.7956748511074885,2.9841684212612622,0.7142857142857143,1.8115064298462262,0.62226245813394,1271,39599501.6815,1.0283379611323051,-0.8120960295475531,-0.9666666666666667,-0.9666666666666667,1.0184450693986535,B 回踩20均线
MTLUSDT,7,0.6845997234012413,4.792198063808689,2.979890326263627,0.7142857142857143,1.812307737545062,0.6218211949059766,1322,7187870.49945,0.8164687599328915,-0.7314640844052609,-0.932873297445717,-0.932873297445717,0.21239253262579502,B 回踩20均线
XTZUSDT,7,0.6806040666707026,4.764228466694918,2.981866383249802,0.5714285714285714,1.7823620834451166,0.6258865216256952,1322,13882193.4532,0.8189090340098261,-0.7271210013908205,-0.8918060200668896,-0.8906354515050168,2.2121410743895717,B 回踩20均线
JTOUSDT,7,0.6804454901462863,4.7631184310240045,2.986982537430765,0.5714285714285714,1.7761358935932394,0.6271065019033351,981,37514560.4741,1.2304115880579058,-0.8409090909090909,-0.9514272842691567,-0.8831756563050334,0.8184211974598065,B 回踩20均线
GMTUSDT,11,0.4290357085259362,4.719392793785298,2.987162973900531,0.7272727272727273,1.732229819884767,0.6329549381509751,1322,32067472.988585003,1.004153601449041,-0.9737962577962578,-0.9897428385416667,-0.9897428385416667,0.7224782821248268,B 回踩20均线
1000RATSUSDT,4,0.9843707746218746,3.9374830984874984,2.9939923489243596,0.5,0.9434907495631388,0.7603822731517093,974,16526907.611005,1.9195912947232947,-0.9101381953315526,-0.9750081018739157,-0.9262443525172999,3.3530889967163873,B 回踩20均线
VETUSDT,4,0.9824067450236853,3.929626980094741,2.9882217776509226,0.5,0.9414052024438186,0.7604339528376503,1322,17715606.2241015,0.8371847256023207,-0.7197630922693267,-0.9438871835707222,-0.9422689151179666,0.7322444788342994,B 回踩20均线
WUSDT,4,0.9800113197669893,3.920045279067957,2.988318035632751,0.75,0.9317272434352062,0.7623172241375904,864,20005368.229354,1.1266110427393947,-0.993720397249809,-0.9939419404125287,-0.993720397249809,0.11322927107678438,B 回踩20均线
CELOUSDT,4,0.9796930212598783,3.9187720850395134,2.991918918977234,0.75,0.9268531660622794,0.7634837786048653,1322,19703711.08915,0.9525043504868691,-0.8747708333333333,-0.9670588235294117,-0.9660011312217195,0.9038889060523703,B 回踩20均线
YGGUSDT,4,0.9774677513497054,3.9098710053988217,2.983429665299553,1.0,0.9264413400992688,0.7630506636101239,1106,13478433.14855,1.2195207399455545,-0.9559790895229797,-0.9897903426976302,-0.9879966739918038,0.5445203997739471,B 回踩20均线
TNSRUSDT,4,0.9763127407143084,3.9052509628572336,2.98646843235777,1.0,0.9187825304994637,0.7647315014481818,859,8071385.70912,2.238328532492453,-0.9804770531400966,-0.9848544755628775,-0.9822460186710599,10.841971336332223,B 回踩20均线
BBUSDT,4,0.9751519979463605,3.900607991785442,2.9853857422398242,0.75,0.9152222495456179,0.7653642069459307,824,12281002.00494,1.3348578759484042,-0.9723299888517279,-0.9865492957746479,-0.9854342723004695,0.9715905364836059,B 回踩20均线
ORDIUSDT,4,0.974584302233529,3.898337208934116,2.9845745070854783,0.75,0.9137627018486376,0.7656019341388687,1012,99792216.16780001,1.6598993240564541,-0.7469026548672566,-0.9753807397228902,-0.9607007901064926,5.646415995902582,B 回踩20均线
RONINUSDT,4,0.9687034833277444,3.8748139333109775,2.9907834120772567,0.75,0.8840305212337207,0.7718521362706239,921,4205443.33284,0.9449850504870034,-0.9818955732122588,-0.9893849296413981,-0.9891398093508852,1.0160166623033204,B 回踩20均线
ZROUSDT,4,0.9653317120348441,3.8613268481393765,2.9838749561244273,0.5,0.8774518920149492,0.7727589695138708,786,30386533.31125,1.113926995611078,-0.7682877111240536,-0.9005496416892785,-0.8892785083142002,0.7424122756614302,B 回踩20均线
AAVEUSDT,8,0.4760869599854291,3.808695679883433,2.984622430073064,0.25,0.8240732498103687,0.7836337373545187,1322,92689158.3555,0.8938253727915497,0.6592436168170475,-0.8411704874422972,-0.7745872779907675,0.4654234620093189,B 回踩20均线
TURBOUSDT,2,1.851756888069798,3.703513776139596,2.979017365629114,1.0,0.7244964105104823,0.8043759374737172,807,29251937.0896749,1.518658408667157,-0.8704362139917695,-0.9441075294326977,-0.9416461552148513,1.748445476721947,B 回踩20均线
CFXUSDT,9,0.40927439196667287,3.6834695277000558,2.9902232877349832,0.6666666666666666,0.6932462399650725,0.8117953101683638,1272,36254900.46523,1.2789576943767922,-0.8687404229236899,-0.9264532353225651,-0.9171486604120321,3.7585665087022346,B 回踩20均线
JASMYUSDT,7,0.5171177792772773,3.6198244549409413,2.976755805635811,0.7142857142857143,0.6430686493051301,0.8223481118186926,1322,20746292.62714,1.1513545292685654,0.19756468797564675,-0.9322693387049568,-0.9322693387049568,1.735695769269919,B 回踩20均线
JUPUSDT,3,1.097696714772847,3.2930901443185405,2.9893588236271564,0.6666666666666666,0.3037313206913841,0.9077670797395566,927,43678568.8191,1.0710357586829784,-0.7443053250867401,-0.9212774496875179,-0.9028152055501405,0.5161473476085854,B 回踩20均线
IOTAUSDT,7,0.4658326628048112,3.2608286396336785,2.969600000741292,0.7142857142857143,0.29122863889238637,0.9106887631712217,1322,10346102.55603,0.8855798238321786,-0.8070971495055265,-0.9354617094362497,-0.9329965649626187,1.41439961736558,B 回踩20均线
REZUSDT,4,0.7640845011821906,3.0563380047287625,2.941565002685089,1.0,0.11477300204367369,0.96244754282213,837,11561570.984,1.2929414992836281,-0.9829231730168645,-0.9879097510373444,-0.9858195020746888,0.9425392834077905,B 回踩20均线
ALTUSDT,1,2.988477159422679,2.988477159422679,2.988477159422679,1.0,0.0,1.0,933,13400340.03177,1.1363421300342793,-0.9817055755619024,-0.991560915609156,-0.991160411604116,0.37591218407214316,B 回踩20均线
STEEMUSDT,1,2.9633808324769055,2.9633808324769055,2.9633808324769055,1.0,0.0,1.0,1011,2558387.481,0.857537466961097,-0.8765371024734983,-0.9036934950385888,-0.9036934950385888,1.8975327101054726,B 回踩20均线
BICOUSDT,5,0.5873782364732623,2.9368911823663115,2.9868403510235653,0.8,-0.04994916865725374,1.0170074972328422,1052,3837992.96345,1.347130708386574,-0.9025272161741835,-0.9877334191886671,-0.9730950847821421,3.138753870656662,B 回踩20均线
APEUSDT,5,0.5850774545786263,2.9253872728931314,2.9886075448682625,0.6,-0.06322027197513114,1.0216109068911783,1322,49650070.14965,1.0605911722905645,-0.9680900621118013,-0.9868513212352754,-0.9803724928366763,3.43565949789533,B 回踩20均线
RUNEUSDT,5,0.5826101793187298,2.9130508965936492,2.9768159613023295,0.4,-0.06376506470868026,1.021889444081888,1322,29204258.4295,1.0244625528066467,-0.6741835147744946,-0.9697266729500471,-0.9605089538171536,-0.09836526783185062,B 回踩20均线
PYTHUSDT,5,0.5813794190279286,2.9068970951396427,2.9886549566320917,0.6,-0.08175786149244901,1.0281254749709403,997,22511674.9475,1.2231749438466046,-0.906887573964497,-0.9717589220684633,-0.9641842680262199,3.975521267728549,B 回踩20均线
SNXUSDT,5,0.5802741173330033,2.9013705866650166,2.9891591305360268,0.6,-0.0877885438710102,1.0302576114456026,1322,18350810.55085,1.1075955450132893,-0.8658536585365854,-0.9614993149344294,-0.9612448620082208,2.7567376818812113,B 回踩20均线
ARPAUSDT,5,0.580218280664254,2.90109140332127,2.9912328720402104,0.4,-0.09014146871894058,1.0310715714147247,1322,6628525.47933,1.0558433584259561,-0.6829323308270676,-0.9328083989501312,-0.9262117235345582,2.409976764463021,B 回踩20均线
DOTUSDT,5,0.5645272640440896,2.822636320220448,2.980010674444678,0.8,-0.15737435422422985,1.0557543857481217,1322,125685186.4425,0.7895402977534877,-0.8249370277078085,-0.9344341661623584,-0.9339068038385061,0.7338253748022299,B 回踩20均线
MAVUSDT,5,0.5627884121123292,2.8139420605616463,2.9891796196661,1.0,-0.1752375591044535,1.0622747573805684,1143,6982483.7389,1.1485347005575581,-0.9780338821283703,-0.9900816070307595,-0.9884419334588826,0.7229857359499409,B 回踩20均线
ADAUSDT,9,0.3108027448073076,2.797224703265768,2.9857410258116834,0.5555555555555556,-0.18851632254591522,1.0673940575191625,1322,252253826.3764,0.8764006719792905,-0.27942353883106485,-0.883056640625,-0.853515625,3.1828134315757484,B 回踩20均线
LUNA2USDT,5,0.5356866244362575,2.6784331221812874,2.980231034803152,0.8,-0.30179791262186484,1.1126770387218345,1322,12396483.87555,1.10145573995932,-0.96685651868612,-0.9824655269911697,-0.9815215972856584,2.568531307381824,B 回踩20均线
RIFUSDT,5,0.5116070146294325,2.5580350731471624,2.9832727055459696,0.4,-0.4252376323988072,1.166236044557292,1029,3766138.83077,1.3124839005076792,-0.3231041605193271,-0.9061663947797716,-0.7754649265905383,2.0973614932920652,B 回踩20均线
AXSUSDT,6,0.40301420541871735,2.418085232512304,2.9806739439299506,0.6666666666666666,-0.5625887114176464,1.232658759854026,1322,31060053.726499997,0.9838035181541251,-0.8590794052515027,-0.9366530097699338,-0.9298061771194454,1.3166929974927362,B 回踩20均线
QNTUSDT,9,0.26690037527368304,2.4021033774631473,2.9765979499246855,0.5555555555555556,-0.5744945724615382,1.23916313421459,1322,7655134.0225,0.7335775268707179,-0.44972543078962324,-0.6584307581053392,-0.6497529227431602,0.9834497828024374,B 回踩20均线
BEAMXUSDT,2,0.9752620936851438,1.9505241873702877,2.9852063292674784,0.5,-1.0346821418971908,1.5304636305444423,1002,10804872.9369515,1.0650199073967002,-0.8338427680645556,-0.9695957862064101,-0.968043830977967,0.08749228845102942,B 回踩20均线
GLMUSDT,2,0.9563026148714949,1.9126052297429899,2.966079914989867,1.0,-1.0534746852468773,1.5508061302271143,905,5992039.08473,0.986845176644462,-0.7607965321051205,-0.877501049391353,-0.8764656499230447,1.4475599896238496,B 回踩20均线
METISUSDT,2,0.9545088202108624,1.9090176404217247,2.985609302499274,1.0,-1.076591662077549,1.5639506096128672,886,4181075.51203,1.0905848148973658,-0.9818665450676395,-0.9821500710705469,-0.9821500710705469,0.3933349858374103,B 回踩20均线
ICPUSDT,6,0.3120230808250765,1.872138484950459,2.9844803765138423,0.6666666666666666,-1.1123418915633834,1.5941557745354604,1322,33109393.505999997,0.9681858619702127,-0.4413741598207618,-0.8938494668837649,-0.8821366668417459,1.1682885704958559,B 回踩20均线
GTCUSDT,6,0.3114660604552532,1.8687963627315194,2.990358823591273,0.5,-1.1215624608597536,1.600152313663767,1322,7414217.7919,1.0707750766063577,-0.9353307984790874,-0.9728542009884679,-0.9649752883031302,2.042794144855609,B 回踩20均线
SANDUSDT,6,0.3054221433549023,1.832532860129414,2.9834092073562686,0.5,-1.1508763472268546,1.6280249441996797,1322,38596802.489549994,0.9774214464647918,-0.8968315301391035,-0.9591649215778452,-0.9572097098166589,2.7686064945456375,B 回踩20均线
POWRUSDT,4,0.4561595416804402,1.8246381667217608,2.965619643800761,1.0,-1.140981477079,1.6253193087202304,1023,3714778.5928,0.946976818240493,-0.8460297239915074,-0.962463768115942,-0.962463768115942,1.1288314668012123,B 回踩20均线
TRBUSDT,6,0.30395556810842145,1.8237334086505286,2.9814613311052574,1.0,-1.1577279224547288,1.6348120382964249,1322,30731357.900399998,1.3076623799003564,0.09744224422442249,-0.9508138058409327,-0.9488206548924545,1.8203030964838631,B 回踩20均线
THETAUSDT,6,0.30189236185560125,1.8113541711336076,2.981259785811679,0.5,-1.1699056146780713,1.6458734759452947,1322,19781514.488315,0.932040368848401,-0.8128926522807975,-0.9644576403101669,-0.9605084892335187,0.2526080395027124,B 回踩20均线
1000SATSUSDT,6,0.29924055554736523,1.7954433332841913,2.9785933337072366,1.0,-1.1831500004230453,1.6589737356170688,977,45867129.9106647,1.3327999782464062,-0.9812545454545455,-0.9896977388094139,-0.9881056760498385,1.1272420778717647,B 回踩20均线
MASKUSDT,6,0.2839237313426903,1.7035423880561418,2.989473112413574,0.5,-1.285930724357432,1.7548568989966646,1322,28389534.233999997,0.9690760194063506,-0.8329035339063993,-0.9500295595625184,-0.9482855453739285,0.3300964046724075,B 回踩20均线
ILVUSDT,5,0.31683101940763947,1.5841550970381972,2.981610279466347,1.0,-1.3974551824281496,1.8821454319977193,1009,4841921.4938,1.0038365905462245,-0.9666909924937448,-0.9817752030896257,-0.9787255293647623,0.7286119862446215,B 回踩20均线
BNTUSDT,6,0.2582073237689101,1.5492439426134605,2.98217642901505,0.5,-1.4329324864015895,1.9249237302063211,1101,2526440.66745,0.8392767414797341,-0.5824442289039768,-0.832663898155082,-0.8241541289400232,1.0196882746783218,B 回踩20均线
TRXUSDT,6,0.24971072131558655,1.4982643278935193,2.9437313171151183,0.16666666666666666,-1.445466989221599,1.9647609986509187,1322,64709573.33809,0.6543015078420538,5.073972602739726,-0.5115694281034444,-0.23281888019932173,16.196597516626316,B 回踩20均线
STORJUSDT,7,0.21325404619368973,1.492778323355828,2.9723572733427006,0.7142857142857143,-1.4795789499868726,1.991157847643927,1322,11271318.34685,1.0275723464043365,-0.8271961492178099,-0.9608499010647319,-0.9594082728728918,1.4417923369034893,B 回踩20均线
ZILUSDT,4,0.34779134019004876,1.391165360760195,2.9564500015024753,0.5,-1.5652846407422802,2.125160735663328,1322,10137250.22841,0.8220436582446768,-0.8575906576521205,-0.9428465712876172,-0.9428465712876172,0.1483737195531204,B 回踩20均线
SPELLUSDT,6,0.21904211076595126,1.3142526645957076,2.976908286147552,0.5,-1.6626556215518447,2.265095872613896,1322,5680024.26243515,1.0726099040512345,-0.8528252299605782,-0.95620772669953,-0.9550613321105125,2.9846835846802446,B 回踩20均线
GMXUSDT,5,0.23558162134019547,1.1779081067009773,2.98295817229364,0.6,-1.8050500655926625,2.5324201058842792,1275,7226720.70358,0.8765097739841516,-0.9191072731695451,-0.9408647922034278,-0.9254956872409544,0.3153420515191533,B 回踩20均线
PORTALUSDT,3,0.3209983900636948,0.9629951701910844,2.9880295303235376,1.0,-2.0250343601324534,3.1028499652086845,898,8747092.78142,1.6876810282277825,-0.9954143738535934,-0.9970713382144363,-0.9957833403610994,7.137612082120091,B 回踩20均线
STRKUSDT,3,0.3122503686551706,0.9367511059655118,2.987154625690432,1.0,-2.05040351972492,3.188845581998608,907,25901800.18164,1.1113366156801938,-0.9882698096841676,-0.9913996883669669,-0.9912628738646296,0.5053542201815975,B 回踩20均线
XAIUSDT,3,0.31071952306723544,0.9321585692017063,2.9883278140699607,1.0,-2.0561692448682543,3.205814882578554,949,14158409.84946,1.2072303324270621,-0.9889593739593739,-0.9961299379693112,-0.9956702579170748,0.7155013299326894,B 回踩20均线
IOUSDT,3,0.3105167164953129,0.9315501494859388,2.969328387851098,1.0,-2.037778238365159,3.1875131891607493,795,15965563.63802,1.2438890797951758,-0.9734277484397503,-0.9830752990851513,-0.980524278676988,0.41569632123591493,B 回踩20均线
LISTAUSDT,3,0.30409577362519125,0.9122873208755737,2.9351000033049077,0.3333333333333333,-2.022812682429334,3.217297814122777,786,8468342.68055,1.3069000968981928,-0.9168277092314553,-0.9443701085584448,-0.9293738954809392,1.4999015347897215,B 回踩20均线
BIGTIMEUSDT,3,0.2959692023431478,0.8879076070294434,2.921263860269177,0.6666666666666666,-2.0333562532397336,3.2900538717563963,1038,17008409.20025,1.371957715295625,-0.980874857360213,-0.9942333212691519,-0.9939341295693087,2.2124180877147177,B 回踩20均线
ALICEUSDT,7,0.12451317874923859,0.8715922512446701,2.988964028859629,0.5714285714285714,-2.117371777614959,3.4293145958919022,1322,9128601.38575,1.1323186277418935,-0.8492944496707432,-0.9582697201017811,-0.9320610687022901,1.3818412266639597,B 回踩20均线
LSKUSDT,3,0.28906814166917866,0.8672044250075359,2.978309259642864,1.0,-2.111104834635328,3.434379684602028,933,2897453.614,0.9980043629765202,-0.938716744913928,-0.9741312320708813,-0.9715603326191946,3.2469280917098176,B 回踩20均线
AVAXUSDT,7,0.11874794002022455,0.8312355801415718,2.9852533134876853,0.2857142857142857,-2.1540177333461132,3.5913444814035174,1322,220123345.986,0.8699347696270143,-0.4038674033149171,-0.902959008830895,-0.8933372874654013,0.29203380784132704,B 回踩20均线
BOMEUSDT,3,0.271548527924024,0.8146455837720721,2.98233625025767,0.6666666666666666,-2.1676906664855977,3.660900285555456,882,37562816.4982405,1.307288362735259,-0.9619967329681944,-0.9824060728355914,-0.9619967329681944,0.11212175355811546,B 回踩20均线
MOVRUSDT,3,0.2707553818500834,0.8122661455502502,2.9800948055194927,1.0,-2.1678286599692425,3.6688649672832283,963,4408645.84946,1.3051930383328554,-0.9737762237762237,-0.9737762237762237,-0.9737762237762237,4.561232525068422,B 回踩20均线
EGLDUSDT,7,0.11463972384701131,0.8024780669290792,2.9857642858844105,0.5714285714285714,-2.183286218955331,3.720680239037965,1322,11835760.86425,0.8295783828423049,-0.9193499392466585,-0.9667639257294429,-0.964787798408488,0.29425075986607496,B 回踩20均线
AGLDUSDT,7,0.1139365432842138,0.7975558029894967,2.986160616342464,0.7142857142857143,-2.1886048133529674,3.7441400402948233,1113,6366980.5359,1.3288607413806914,-0.7838774150566289,-0.9569787338059155,-0.9433599888256452,2.410039882069393,B 回踩20均线
MANTAUSDT,3,0.2634625855613046,0.7903877566839137,2.9862371902421114,1.0,-2.1958494335581977,3.7781926212659522,940,12548348.3528,1.1062236775447154,-0.973829924451815,-0.9857654772796585,-0.9855621632611569,-0.10377120068561034,B 回踩20均线
CHZUSDT,7,0.11267960236680073,0.7887572165676051,2.975514286199964,0.42857142857142855,-2.186757069632359,3.7724083199496534,1322,23834080.98032,0.8655338410513977,-0.8757911392405063,-0.9261636276391555,-0.9246641074856046,0.000786841189538242,B 回踩20均线
LTCUSDT,7,0.1094046329051691,0.7658324303361836,2.95296135440607,0.5714285714285714,-2.1871289240698863,3.855884443428159,1322,196246848.8887,0.701481237927232,-0.3817720090293454,-0.7015034301561816,-0.6801926726025398,0.22180073436377185,B 回踩20均线
INJUSDT,7,0.106885300757413,0.748197105301891,2.987597564793898,0.5714285714285714,-2.239400459492007,3.9930621805712927,1322,88406066.5939,1.080894868333633,2.357704402515723,-0.9471949738865656,-0.9176896837480005,0.42987340828021925,B 回踩20均线
NEOUSDT,7,0.10420039190854176,0.7294027433597923,2.9312252330650104,0.5714285714285714,-2.201822489705218,4.018664941624885,1322,17564110.23089,0.8930103287654175,-0.7353677621283254,-0.9362182430364249,-0.9352999693908784,1.5108823654091086,B 回踩20均线
RLCUSDT,7,0.10301057046513229,0.721073993255926,2.987339580823425,0.5714285714285714,-2.266265587567499,4.142902959701042,1322,6105359.48274,0.9741871256857135,-0.7642533549876058,-0.9463218092019756,-0.9402564769084135,1.4103788201676468,B 回踩20均线
ZRXUSDT,7,0.10275395041164145,0.7192776528814901,2.9896985955769466,0.5714285714285714,-2.2704209426954565,4.1565292395779965,1322,9459269.312479999,0.996546861948066,-0.4890365448504983,-0.9441053173494153,-0.9434434066338163,1.7938191073146788,B 回踩20均线
IOSTUSDT,7,0.07987929995551792,0.5591550996886254,2.9363866698430927,0.5714285714285714,-2.3772315701544673,5.251470784185402,1322,5315967.501429,0.7979502443181374,-0.9203059604560543,-0.961856675255937,-0.9615432829584233,0.12763002048097116,B 回踩20均线
XVGUSDT,4,-0.014994660111290692,-0.05997864044516277,2.9772635987467457,0.5,-3.0372422391919085,,1137,5691604.919854,1.3176457981129641,-0.715386695511087,-0.9070481136668781,-0.8964742218353325,3.0886656171688904,B 回踩20均线
CHRUSDT,4,-0.015134339558056376,-0.0605373582322255,2.977825287712392,0.5,-3.038362645944617,,1322,7895830.827199999,0.9867897633834918,-0.8734463276836159,-0.9751118340788939,-0.9726718178121188,0.13289081399354402,B 回踩20均线
CKBUSDT,4,-0.02506312138592809,-0.10025248554371236,2.989236151703386,0.75,-3.089488637247098,,1264,5686566.66447,1.13059448560217,-0.8447977422389463,-0.975037891676204,-0.9744842092239167,2.011384503755734,B 回踩20均线
KASUSDT,4,-0.03832155621349709,-0.15328622485398835,2.9692614421989947,1.0,-3.122547667052983,,1002,15219831.829935,0.8950236611717215,-0.8150759613287781,-0.8769949396652394,-0.876216426625146,0.35875104545506803,B 回踩20均线
WAXPUSDT,4,-0.0419541251664689,-0.1678165006658756,2.893695463344573,1.0,-3.0615119640104487,,1032,2756773.19369,0.8165882841067194,-0.9415203761755486,-0.9663296826734064,-0.9650753533651596,0.04452829141313621,B 回踩20均线
ICXUSDT,4,-0.04671264154643939,-0.18685056618575757,2.9637969707413725,0.5,-3.15064753692713,,1322,5339279.2743,0.84825574787872,-0.8710084033613446,-0.9534024791297748,-0.9534024791297748,0.2679139358115516,B 回踩20均线
IMXUSDT,9,-0.022960423522439374,-0.20664381170195437,2.9821811867027352,0.6666666666666666,-3.1888249984046895,,1322,19939483.21195,1.0343576869984779,-0.7184415584415584,-0.9708687311592217,-0.9702932310221979,0.4653124343413439,B 回踩20均线
POLYXUSDT,4,-0.06516396117789269,-0.26065584471157077,2.968279272514408,1.0,-3.2289351172259786,,1025,6608783.3762,1.0940993158501693,-0.8637352245862884,-0.955515767052032,-0.955515767052032,2.5420204826513433,B 回踩20均线
RVNUSDT,4,-0.06824712090543006,-0.27298848362172023,2.9916158025148243,0.25,-3.2646042861365445,,1322,5741632.68352,0.8879861980294301,-0.8612064482579304,-0.9554276880796977,-0.9541566472002748,1.1205666010014985,B 回踩20均线
ZETAUSDT,4,-0.06846711693430002,-0.2738684677372001,2.976383333785986,1.0,-3.250251801523186,,925,7000108.2111,1.1530471091060213,-0.983649530193309,-0.9899532968043246,-0.9899532968043246,1.7621895232863398,B 回踩20均线
SFPUSDT,8,-0.040912205836973636,-0.3272976466957891,2.9818921644494383,0.75,-3.3091898111452274,,1322,4867222.714500001,0.6905369411321515,-0.4166457128488811,-0.7704416761041902,-0.7372593431483578,0.13061204988367991,B 回踩20均线
MEWUSDT,3,-0.16628711532587914,-0.4988613459776374,1.578885948039174,1.0,-2.0777472940168114,,789,8797668.6144766,1.2254105404934428,-0.9333058021887259,-0.9734776168531929,-0.9734200131665569,1.0375323286072708,B 回踩20均线
LQTYUSDT,6,-0.11253047008071622,-0.6751828204842973,2.9630135349238795,0.6666666666666666,-3.638196355408177,,1254,9116477.6461,1.0994632901524855,-0.9076748796374965,-0.9468310926918023,-0.9340948145153138,0.7667859705865465,B 回踩20均线
AXLUSDT,6,-0.14083430863915067,-0.8450058518349041,2.938798440442456,0.8333333333333334,-3.78380429227736,,897,8134723.929513,1.158366990834731,-0.9819755961723458,-0.9850936392778809,-0.9849839716551375,1.503368454485861,B 回踩20均线
COMPUSDT,7,-0.14110692358120075,-0.9877484650684052,2.904631154632674,0.7142857142857143,-3.892379619701079,,1322,16433391.868250001,0.9050015670262898,-0.488261421319797,-0.8739097931721904,-0.8660187723232826,1.139099334544153,B 回踩20均线
ZKUSDT,1,-1.0344263626902646,-1.0344263626902646,-1.0344263626902646,1.0,-1.0344263626902646,,789,15652381.74312,1.1924204422575584,-0.964868544600939,-0.9724942791762013,-0.9714607170099161,2.7704821231274055,B 回踩20均线
CELRUSDT,5,-0.2286206400787023,-1.1431032003935115,2.9863961749921413,0.4,-4.129499375385652,,1322,5135933.90803,0.9479899647531008,-0.7924843423799582,-0.9619195046439628,-0.9487100103199174,0.008370056765595227,B 回踩20均线
ONEUSDT,5,-0.2301575760367612,-1.150787880183806,2.947945835469723,0.2,-4.098733715653529,,1322,7519904.047745001,1.0143281586704975,-0.9272549019607843,-0.9845042678923178,-0.9837601225651127,0.05296249187935308,B 回踩20均线
IDUSDT,5,-0.23095557747109954,-1.1547778873554977,2.970713158583808,0.4,-4.125491045939306,,1241,10811840.7676,1.1563587884326674,-0.9443057132046916,-0.9862274065946758,-0.9829993647860484,3.455096290285642,B 回踩20均线
YFIUSDT,5,-0.23227064688129317,-1.1613532344064659,2.966588312580447,0.6,-4.1279415469869125,,1322,8523553.6325,0.7855735649712923,-0.6253164556962025,-0.8886140314711743,-0.8677935820792964,1.055489812650991,B 回踩20均线
MINAUSDT,5,-0.2348638704870254,-1.174319352435127,2.9889102690543465,0.6,-4.1632296214894735,,1285,12032968.6148,0.9893453429340218,-0.9548540315106581,-0.9768053592280745,-0.9760494130661914,1.2980357554741229,B 回踩20均线
ETHFIUSDT,5,-0.23915775416344376,-1.1957887708172188,2.989489862514019,0.6,-4.185278633331238,,880,60625017.055095,1.309956606441644,-0.8560858424087123,-0.9638885386458202,-0.9433488841255832,1.2819177137544338,B 回踩20均线
PEOPLEUSDT,5,-0.24140325839986526,-1.2070162919993264,2.9829142859559266,0.6,-4.189930577955253,,1322,27241667.645165,1.3445193909906537,-0.6244938271604938,-0.9632509618230246,-0.9437407517016869,2.119420238674406,B 回踩20均线
CYBERUSDT,5,-0.24357847969231156,-1.2178923984615577,2.9133875056839442,0.6,-4.131279904145502,,1090,8440424.78865,1.256292342533432,-0.9394521668029436,-0.9793775673605792,-0.9793775673605792,3.56265947787633,B 回踩20均线
UNIUSDT,5,-0.24443540711867087,-1.2221770355933543,2.972172973596449,0.4,-4.194350009189803,,1322,80151631.18349999,0.9827109861590178,-0.39050886220697545,-0.8713802181271154,-0.8281846021597807,1.9741411694123916,B 回踩20均线
SUSHIUSDT,5,-0.24618405867276322,-1.2309202933638161,2.985494736989447,0.4,-4.216415030353263,,1322,19299799.8635,1.054472978621452,-0.832731137088204,-0.9448798230154861,-0.9409801642356294,0.8498320779060773,B 回踩20均线
MANAUSDT,5,-0.24722369908209402,-1.23611849541047,2.972274336902229,0.4,-4.208392832312699,,1322,22261242.23365,0.8750161010091967,-0.7854298041818786,-0.923238566131026,-0.9200865265760197,0.6141866902073488,B 回踩20均线
TUSDT,5,-0.24771739128100262,-1.2385869564050132,2.8999650077977286,0.2,-4.138551964202742,,1291,5712602.86817,0.9313596473025705,-0.9338180389074474,-0.9472819010416667,-0.9451822916666667,2.25383625234665,B 回踩20均线
ENJUSDT,4,-0.4298710473553139,-1.7194841894212556,1.333470084272377,0.25,-3.052954273693633,,1322,9804782.32978,1.0054826304367588,-0.899135446685879,-0.9733494485571839,-0.9629853452183109,1.2731908356739763,B 回踩20均线
HOTUSDT,5,-0.37467823523113297,-1.873391176155665,2.2146358641690456,0.4,-4.088027040324711,,1322,6349641.8343345,0.8714105933934195,-0.775974930362117,-0.9347181675275096,-0.9277565686054345,0.45891759369276475,B 回踩20均线
DODOXUSDT,2,-1.0095622250535135,-2.019124450107027,-1.007958306013476,0.5,-2.019124450107027,,1103,2867753.12542,1.1183303835274154,-0.8255113192818111,-0.9579184634714584,-0.9294368713813983,0.9181551142663521,B 回踩20均线
NOTUSDT,2,-1.0285752089159905,-2.057150417831981,-1.018972641213568,1.0,-2.057150417831981,,821,18764756.7313206,1.2778937140430398,-0.9496358098265131,-0.9856854838709678,-0.9833318723702664,1.4914033677955503,B 回踩20均线
NMRUSDT,6,-0.35117446065711605,-2.107046763942696,2.9797378482024928,0.5,-5.086784612145189,,1150,5541810.9095,1.2292222676766886,-0.40259067357512957,-0.8799847211611918,-0.845855614973262,5.3302707087698105,B 回踩20均线
ONTUSDT,6,-0.35713830601110197,-2.142829836066612,2.9925268156779454,0.6666666666666666,-5.135356651744557,,1322,8841368.42188,0.9604802022214176,-0.7657963446475196,-0.9242743496022361,-0.9228552999354978,1.4706204784649621,B 回踩20均线
ANKRUSDT,6,-0.3588441488989746,-2.1530648933938474,2.9556375015582326,0.5,-5.10870239495208,,1322,7884265.092695,0.8377946217041778,-0.7850383631713556,-0.9513637711236288,-0.9501630595908687,0.10410322366420124,B 回踩20均线
BATUSDT,6,-0.36087275973546146,-2.1652365584127686,2.9702000007129077,0.3333333333333333,-5.135436559125676,,1322,6861760.31123,0.8221603787834777,-0.6631766805472933,-0.8495749202975558,-0.8495749202975558,0.2731437388222335,B 回踩20均线
SSVUSDT,6,-0.36120024705332643,-2.1672014823199586,2.971651779302645,0.6666666666666666,-5.138853261622604,,1268,13422241.37275,1.1221850390408752,-0.9447694334650857,-0.9687983578083057,-0.9669035212379599,0.3758617073153237,B 回踩20均线
1000XECUSDT,6,-0.3796854770256714,-2.2781128621540283,2.978144649792067,0.5,-5.256257511946096,,1322,4782859.831695,0.931348538165273,-0.7065610859728506,-0.9386063325853902,-0.9191598105210671,3.94387063898422,B 回踩20均线
XMRUSDT,8,-0.3062319496895233,-2.449855597516186,2.972911816457748,0.375,-5.422767413973935,,1322,24981197.324249998,0.6656852884948,1.6957429610669537,-0.5876443856662493,-0.4369345920621298,-0.9647882768531651,B 回踩20均线
BLURUSDT,9,-0.2959307165632316,-2.6633764490690846,2.984311864611789,0.6666666666666666,-5.647688313680874,,1205,16195241.6773,1.0863371744207024,-0.980911598200029,-0.9837526335357542,-0.9837030610980295,1.1105414474303554,B 回踩20均线
SAGAUSDT,3,-1.01874414282889,-3.0562324284866698,-1.0075518378767325,1.0,-3.0562324284866698,,858,15547645.81126,1.4162073126413897,-0.9979834161509618,-0.9981708990031399,-0.9979834161509618,1.202377125098799,B 回踩20均线
ALGOUSDT,7,-0.4521184285792357,-3.1648290000546497,2.9811142859697632,0.42857142857142855,-6.145943286024413,,1322,30455845.58125,0.8812357385211553,-0.5507058159232072,-0.8482346018046293,-0.843919183993723,0.8147048307865116,B 回踩20均线
ZECUSDT,7,-0.45664301365481297,-3.1965010955836908,2.9572650808126397,0.2857142857142857,-6.1537661763963305,,1322,24582014.308339998,1.0994358564619076,12.245232339511148,-0.7178577051338935,-0.2942220441111223,1.6681317793704422,B 回踩20均线
ATOMUSDT,7,-0.45716492677029635,-3.2001544873920746,2.9788969928448727,0.5714285714285714,-6.179051480236947,,1322,56883357.58292,0.7407365276001256,-0.8402961396086727,-0.919350580781415,-0.9003431890179514,0.01916346309870304,B 回踩20均线
IOTXUSDT,7,-0.45853231523755866,-3.2097262066629106,2.9727000006006,0.5714285714285714,-6.182426207263511,,1322,6641321.989275,0.9837922175497147,-0.8723285114325712,-0.9761600928074246,-0.9682598607888631,0.601059748202113,B 回踩20均线
CTSIUSDT,7,-0.4613041608357436,-3.2291291258502053,2.9280666707189114,0.5714285714285714,-6.157195796569116,,1322,6296502.524,1.1231659326834504,-0.7607992388201713,-0.9512,-0.9408470588235294,2.975537344908779,B 回踩20均线
ONGUSDT,3,-1.0770523474173224,-3.231157042251967,-1.0165839776724082,1.0,-3.231157042251967,,992,3035121.184685,0.9176630831044224,-0.895757436015679,-0.9452698687125183,-0.938935112647901,1.561841117311179,B 回踩20均线
LPTUSDT,7,-0.4635012885156456,-3.244509019609519,2.9314354875557576,0.5714285714285714,-6.175944507165276,,1322,14307597.89325,1.3404826685548894,-0.7382667539838463,-0.9565616846128404,-0.9559369372680167,4.941602997489681,B 回踩20均线
ONDOUSDT,3,-1.088389126110207,-3.265167378330621,-1.0080989732635974,0.6666666666666666,-3.265167378330621,,938,102723677.61706999,1.082867757886039,0.5852713178294573,-0.889830923793188,-0.8396471453075227,1.0917955884550261,B 回踩20均线
ROSEUSDT,7,-0.46895456941724273,-3.282681985920699,2.9906166090736526,0.7142857142857143,-6.273298594994351,,1322,13843874.269895,1.0062249075148988,-0.846867816091954,-0.9719786860030762,-0.9707262140188969,0.6364744931949989,B 回踩20均线
USTCUSDT,7,-0.4695351820339339,-3.2867462742375375,2.9763003088123674,0.2857142857142857,-6.2630465830499045,,992,6527004.122724,1.1212314336517888,-0.8925399644760214,-0.9295162078514416,-0.9211597980127056,1.764169556408939,B 回踩20均线
XLMUSDT,7,-0.475717822057517,-3.330024754402619,2.9791829812202244,0.7142857142857143,-6.309207735622843,,1322,47133555.544945,0.9106363792966862,1.180024831011174,-0.7446050851078982,-0.7186275906274482,4.329770968872128,B 回踩20均线
ETCUSDT,7,-0.49076579030706424,-3.4353605321494496,2.9645673718931986,0.5714285714285714,-6.399927904042649,,1322,87404013.73361,0.7322228510551164,-0.6064254483239339,-0.837959822593269,-0.837959822593269,0.5893399015966692,B 回踩20均线
DYMUSDT,4,-1.0175932007610275,-4.07037280304411,-1.0124061727087053,1.0,-4.07037280304411,,920,8815154.51315,1.3285865957514036,-0.9974646658523818,-0.9984421382888862,-0.9982466513816821,1.9177309482962006,B 回踩20均线
TLMUSDT,4,-1.0190524180838267,-4.076209672335307,-1.0063881511278578,0.5,-4.076209672335307,,1234,4079996.7385050002,1.1274509196089415,-0.9200503778337531,-0.9736965418137515,-0.9504232919933773,2.7196773209899807,B 回踩20均线
XVSUSDT,4,-1.0386538005211576,-4.1546152020846305,-1.0114592182621904,0.75,-4.1546152020846305,,1220,4111885.7236,0.9432694201304147,-0.6227869788692175,-0.870940364377051,-0.8505148806155935,0.8383603299157861,B 回踩20均线
ARKUSDT,4,-1.0430875181275443,-4.172350072510177,-1.0187181491779593,1.0,-4.172350072510177,,1061,7122542.9016,1.088841162948298,-0.8586420734615996,-0.9503351955307262,-0.9503351955307262,1.9115968411107434,B 回踩20均线
OGNUSDT,8,-0.5216482282533097,-4.173185826026478,2.9684750007960066,0.625,-7.141660826822484,,1322,6900237.927100001,1.010534541199536,-0.8105263157894738,-0.9433086227077643,-0.9367928209129925,2.2282343246525147,B 回踩20均线
BANDUSDT,8,-0.5230037546130434,-4.184030036904347,2.9851222223776124,0.5,-7.16915225928196,,1322,6384257.13319,0.9330414019914545,-0.8886355539722124,-0.9496759711813475,-0.9434126208319756,0.5155655105226964,B 回踩20均线
ACHUSDT,8,-0.5262621454327128,-4.210097163461702,2.9781376908466215,0.5,-7.188234854308323,,1270,11468328.295704499,1.0760650605765107,-0.908960810215764,-0.9199671258609894,-0.9190865685660614,1.6581719667790422,B 回踩20均线
KAVAUSDT,4,-1.0586751789745734,-4.234700715898294,-1.0346632266236298,0.75,-4.234700715898294,,1322,13721311.33103,0.8324140005087265,-0.9241932475284462,-0.9659910100924434,-0.9655330336697481,-1.1719564513599137,B 回踩20均线
ENSUSDT,8,-0.5320479750805212,-4.256383800644169,2.991195790142852,0.625,-7.247579590787021,,1322,24375467.0234,1.0053384825369789,-0.6274437815511702,-0.9153076002770606,-0.9148038536616082,1.4688237821417984,B 回踩20均线
BCHUSDT,8,-0.5368977697986881,-4.295182158389505,2.977590838570505,0.375,-7.2727729969600095,,1322,139766031.60847998,0.8314204126091417,1.1165770979743694,-0.7259739324548138,-0.7050478865125658,2.7355630412476604,B 回踩20均线
DUSKUSDT,8,-0.5384184147960529,-4.307347318368423,2.9868448583773386,0.625,-7.294192176745762,,1322,7930316.352645,1.2253632485020522,-0.25085574572127134,-0.9407510387703458,-0.904276922115655,1.5348301886723195,B 回踩20均线
1000LUNCUSDT,4,-1.0938023366940541,-4.3752093467762165,-1.0295201291702727,1.0,-4.3752093467762165,,1322,23133002.466035,1.062389461627899,-0.6800399201596806,-0.8964554409369425,-0.8135034514853021,3.1069194445433337,B 回踩20均线
DASHUSDT,6,-0.7375337882225971,-4.425202729335583,0.7827235612245785,0.5,-5.207926290560161,,1322,12021984.316545,1.0061113041982235,-0.2856127044323299,-0.7543089161418628,-0.7502485913158767,2.0939210741982315,B 回踩20均线
UMAUSDT,6,-0.8484134562067717,-5.09048073724063,0.15778061797791104,0.6666666666666666,-5.248261355218541,,1193,7073773.718,1.0977819235000925,-0.8731203739774056,-0.9442787794729542,-0.9435332871012483,5.2891105231362685,B 回踩20均线
EDUUSDT,5,-1.0201410862527085,-5.100705431263543,-1.010725621337148,0.6,-5.100705431263543,,1203,8419913.1231,1.138625909660472,-0.9700919455682236,-0.9815744920993228,-0.9713177200902935,1.598897081707918,B 回踩20均线
CAKEUSDT,5,-1.020330106024545,-5.1016505301227255,-1.0052375811050798,0.4,-5.1016505301227255,,1017,17855764.4903,0.9883729574463703,-0.08784604564925513,-0.7761171002642084,-0.7248568067421364,1.3858476422662798,B 回踩20均线
BELUSDT,5,-1.050601185068686,-5.25300592534343,-1.0105933188897886,0.2,-5.25300592534343,,1322,8696754.009599999,1.1546560367752345,-0.7263934843471622,-0.9617187873000717,-0.9486751014561948,1.0218871907294027,B 回踩20均线
1INCHUSDT,9,-0.5922064346512074,-5.329857911860866,2.97254623716637,0.5555555555555556,-8.302404149027236,,1322,13217573.19145,0.8520523403708453,-0.7846952010376135,-0.9042195941013287,-0.8788144254635714,0.29346317210196676,B 回踩20均线
KSMUSDT,8,-0.7117484829248398,-5.693987863398719,1.8342819784281328,0.875,-7.528269841826852,,1322,7739786.69335,1.055655729866574,-0.871969696969697,-0.9522383092028623,-0.9521883840905309,6.221428286145063,B 回踩20均线
HBARUSDT,9,-0.6763466709397348,-6.087120038457613,2.436780669119361,0.6666666666666666,-8.523900707576974,,1322,39491297.60261,1.021643124309312,0.733421052631579,-0.8251509161814199,-0.824055772210054,3.9707183446770813,B 回踩20均线
TWTUSDT,6,-1.019256828191195,-6.11554096914717,-1.00915141629962,0.6666666666666666,-6.11554096914717,,1016,4342719.52665,0.7682957360624739,-0.6709761885279437,-0.809397367813438,-0.7678942507504041,0.40761026448652843,B 回踩20均线
AUCTIONUSDT,6,-1.0362171908899434,-6.2173031453396606,-1.0069623099861453,0.8333333333333334,-6.2173031453396606,,974,11515474.945085,1.2222222503555868,-0.8998223801065719,-0.9452448448603937,-0.9452448448603937,0.9405568722370748,B 回踩20均线
RSRUSDT,10,-0.6249272273204951,-6.249272273204951,2.977647146239372,0.3,-9.226919419444322,,1322,11616534.43246,1.397888802088287,-0.6008374040474529,-0.9587469581675615,-0.9558113484491483,7.883727981681677,B 回踩20均线
LINKUSDT,8,-1.0302026039700671,-8.241620831760537,-1.009755701690931,0.625,-8.241620831760537,,1322,225446827.94814998,0.8261046222920815,0.5936722360469249,-0.7540417677820692,-0.6935434255050074,0.6360759615797013,B 回踩20均线
KNCUSDT,8,-1.0365105049360048,-8.292084039488039,-1.009094430108283,0.5,-8.292084039488039,,1322,6669821.777000001,0.9473071670411056,-0.7815991237677985,-0.9113856546084792,-0.9113856546084792,4.921352390124773,B 回踩20均线
