open_time,oos,ins
2023-01-01,0.0,0.0
2023-01-02,0.0,0.0
2023-01-03,0.002135661405650437,0.013313794393459045
2023-01-04,0.02531834224141391,0.03754525802858813
2023-01-05,-0.008403104589334439,-0.011137321294658234
2023-01-06,0.020269501333729678,0.030938247447790796
2023-01-07,0.003209426858826255,-0.0043559940622024795
2023-01-08,0.04762642914882534,0.07103828829409246
2023-01-09,0.032185052665801586,0.04851255186329014
2023-01-10,0.020222113338265076,0.02219243227874577
2023-01-11,0.014822079289530443,0.010064601875144605
2023-01-12,0.029095570448984413,0.05393863839328763
2023-01-13,0.0582378093772301,0.05672060872909231
2023-01-14,0.060043218636427184,0.07798408331916237
2023-01-15,0.011913008299724291,0.0003581152692985995
2023-01-16,-0.005179374231296952,-0.003664128190659068
2023-01-17,-0.0007773208585823823,-0.022538968360613865
2023-01-18,-0.06386747314238994,-0.02799694386939084
2023-01-19,0.031136033014351912,0.025335216798398716
2023-01-20,0.08120311855602966,0.11262654872085255
2023-01-21,-0.007774414578007518,-0.004311342975655059
2023-01-22,0.02972447477008047,0.00911437649051349
2023-01-23,0.02654497436140737,0.018595735089477834
2023-01-24,-0.044830007730856304,-0.053840791541347216
2023-01-25,0.04547706988620037,0.10206595853912916
2023-01-26,0.01590533440761005,-0.0003784807976364348
2023-01-27,0.02518264460475828,0.009482697396347295
2023-01-28,-0.02013630802102448,-0.004073916809222023
2023-01-29,0.023532358602993013,0.013918845229915797
2023-01-30,-0.05498733545721588,-0.020483739945849316
2023-01-31,0.013822876017746125,0.024752449970626932
2023-02-01,0.020944545098730966,0.01165973188368309
2023-02-02,-0.004611668470626418,-0.011713248568358365
2023-02-03,0.012736554712184362,0.029205722634455082
2023-02-04,-0.001444007685119811,-0.0030107294904505645
2023-02-05,-0.011897852044255754,0.018062124650273848
2023-02-06,-0.003343561510695782,-0.010550035960274371
2023-02-07,0.031783065666365365,0.03527177189811537
2023-02-08,-0.01525780587860661,-0.028038278846900567
2023-02-09,-0.054632281787423485,-0.05340966210669496
2023-02-10,0.0006405425975302447,-0.004528298484547102
2023-02-11,0.004597945400627673,-0.0010027082839301265
2023-02-12,-0.0031190873445370473,-0.0037578955784760464
2023-02-13,-0.006348431159755154,-0.0026165954952691952
2023-02-14,0.00817655048566161,0.014479598893499313
2023-02-15,0.009857205924397285,0.00386654882898807
2023-02-16,-0.009414370316297997,-0.0182549075808369
2023-02-17,0.004493579728942995,0.019887127561687368
2023-02-18,0.00020596507606796634,0.004117394902537668
2023-02-19,0.004177072822115215,-0.009792689987888287
2023-02-20,0.02992981678232989,0.007476830819928016
2023-02-21,-0.022931061048989173,-0.011474896861869466
2023-02-22,-0.010837076312992905,-0.0011479702512364092
2023-02-23,-0.0023835956317735992,-0.00032052768427302044
2023-02-24,-0.033867534383792246,-0.009198467994677904
2023-02-25,-0.004545462228398353,-0.006964469942674985
2023-02-26,0.005815649002129241,-0.00010833333333333333
2023-02-27,0.0012091415558859848,0.0007632779094822529
2023-02-28,-0.0074653901974286755,-0.012234250664012134
2023-03-01,0.004193620089317717,0.000392489790709534
2023-03-02,-0.0018296673770549293,-0.005253954409797259
2023-03-03,-0.0038622700098764483,-0.011626631567401558
2023-03-04,-0.002808877199694742,-5.4166666666666664e-05
2023-03-05,0.0013890980092032324,0.0
2023-03-06,0.00014577844920135049,0.0
2023-03-07,-0.0019599069198958157,0.0
2023-03-08,-0.003951255321442556,0.0
2023-03-09,-2.452830188679245e-05,-0.003997925240054865
2023-03-10,0.0,-5.4166666666666664e-05
2023-03-11,-0.0005981475584709192,0.0
2023-03-12,0.0011643731560993067,0.0
2023-03-13,0.00326098403427483,0.0
2023-03-14,0.003698306630455757,0.009918994476429938
2023-03-15,-0.0234274503041757,-0.022288297317453864
2023-03-16,0.005098827473713565,0.016708517882853605
2023-03-17,0.058407947722154664,0.06158974155678338
2023-03-18,-0.027428794865982927,-0.029632947645604157
2023-03-19,0.02852069661856413,0.02096689040929602
2023-03-20,-0.04862888421067682,-0.03857442438670877
2023-03-21,0.03231862733311383,0.049052968161490504
2023-03-22,-0.048340793228113084,-0.03182623056013953
2023-03-23,0.04612136644072727,0.02632497339418775
2023-03-24,-0.03889977287411784,-0.03838034320240209
2023-03-25,-0.016641557912820293,-0.007653555470703631
2023-03-26,0.01649708774205456,0.013120967492770672
2023-03-27,-0.037267010687885294,-0.010719074574605143
2023-03-28,0.010890763266624732,0.012196905055271937
2023-03-29,0.02449620440444363,0.01124815534843954
2023-03-30,-0.01559930169217525,-0.01057185124229157
2023-03-31,0.025909157954124278,0.016551300978331678
2023-04-01,0.0069074844177433314,-0.005419487265822085
2023-04-02,-0.02560293730216854,-0.016892889013042825
2023-04-03,0.006752595694721898,0.01988302655224887
2023-04-04,0.02324925785031901,0.00994618897072878
2023-04-05,0.007709422285702102,0.004653757943779445
2023-04-06,-0.008652092532943044,-0.01304347542351169
2023-04-07,-0.006277527960720751,-0.010462961286303805
2023-04-08,-0.005412169082884156,-0.007183052940485453
2023-04-09,0.005931155185955356,0.0040343003535405425
2023-04-10,0.018153920211795963,0.012731838057886916
2023-04-11,-0.004560744248491655,-0.00895218794891719
2023-04-12,-0.003944975511251766,-0.006476774124371568
2023-04-13,0.021443631379210706,0.03031197382863341
2023-04-14,0.028470511825892875,0.05344055282982944
2023-04-15,0.003360123726183291,9.970499154815125e-05
2023-04-16,0.02493470762991124,0.01275286050094938
2023-04-17,-0.01925030135946396,-0.011734200265526304
2023-04-18,0.02179914157622623,0.020440872624530884
2023-04-19,-0.08130697135055077,-0.0764597737850807
2023-04-20,-0.020537951509801117,-0.01918875134611909
2023-04-21,-0.01570979881666591,-0.018991053531147526
2023-04-22,0.00289384806922777,-0.0005899510470492371
2023-04-23,-0.0034845472578764,-0.006550780367621177
2023-04-24,-0.0011115314322012358,-5e-05
2023-04-25,0.0001326818843356203,0.0
2023-04-26,-0.0002937651243476483,-0.0017885803262796382
2023-04-27,-5.855855855855855e-06,-5e-05
2023-04-28,-0.00033679563035250254,0.0
2023-04-29,-0.00010201581240691457,0.0
2023-04-30,-0.0019624006429640986,0.0
2023-05-01,-0.0038455738092829177,0.0
2023-05-02,0.0010892518128671677,0.0
2023-05-03,-0.00021737828936764896,0.0
2023-05-04,-0.001939000488830304,0.0
2023-05-05,0.001473661351894474,0.0
2023-05-06,-0.011111352209481621,0.0
2023-05-07,-0.0021218892215016188,0.0
2023-05-08,-0.004872780983110928,0.0
2023-05-09,-0.00013118642821335972,0.0
2023-05-10,-0.0005698997549786401,0.0
2023-05-11,-0.0008171615226056288,0.0
2023-05-12,0.0023086785195544244,0.0
2023-05-13,-0.0002872610516006568,0.0
2023-05-14,0.00043496262818325856,0.0015732013323217799
2023-05-15,-0.0002862681247130583,0.006279842225451526
2023-05-16,-0.0006334512067049332,0.0026233257875872412
2023-05-17,0.005421640500039413,0.00551268739097695
2023-05-18,-0.01251811107493575,-0.011497191940112738
2023-05-19,0.0029324832109558097,0.0036584981915597898
2023-05-20,0.0006084848012574397,-0.0008309470969921257
2023-05-21,-0.02300029768980234,-0.01891205457587867
2023-05-22,0.010373156316192513,0.0007394578271072497
2023-05-23,0.0146326657406013,0.014177367479977146
2023-05-24,-0.024999063406891356,-0.031871396412747735
2023-05-25,-0.0028281166665301396,6.960822233884997e-05
2023-05-26,0.005116766019343477,0.00891473409872052
2023-05-27,0.008718956384551039,0.008857131249857611
2023-05-28,0.02826184097531765,0.02585355144899904
2023-05-29,-0.010936786858118512,-0.014205958444314848
2023-05-30,0.0030469450320938295,-0.0038971695286433893
2023-05-31,-0.03022924754934204,-0.024740962327258233
2023-06-01,-0.003801764963602719,-0.008420037854120972
2023-06-02,0.023933686897839992,0.033954686468958606
2023-06-03,-0.0031794809738611377,-0.005658248021330421
2023-06-04,0.0052938692392288005,0.001714756384700154
2023-06-05,-0.0864445328708607,-0.08366627457135913
2023-06-06,0.021208651784550343,0.037608999329113546
2023-06-07,-0.026522225718459108,-0.04490459700129104
2023-06-08,0.0008297707452669643,-0.0021661307220057252
2023-06-09,-0.002860623793130238,0.0022635006798005512
2023-06-10,-0.010580017143840223,-0.04811097434610951
2023-06-11,-0.0005588967857500669,0.00046011046411979827
2023-06-12,0.00012101812169949137,-0.0005683692702050702
2023-06-13,0.0005761643857277255,0.0008847600088476015
2023-06-14,-6.677016041531028e-05,-0.00216739367502726
2023-06-15,-6.447887055446222e-05,0.0008260845006778095
2023-06-16,-1.4120943053060126e-05,0.0048012598951945595
2023-06-17,3.424416098212553e-06,0.0022261337751087185
2023-06-18,-0.001105692269049479,-0.007278139232167991
2023-06-19,0.0025950221021485095,0.007590947680934462
2023-06-20,0.016042338504838993,0.03228862623453993
2023-06-21,0.034735276989781426,0.06137478173191528
2023-06-22,-0.015933709905172733,-0.0041050005764626946
2023-06-23,0.05012673382805627,0.028585274157475835
2023-06-24,0.00027881769439895283,-0.031185472875354253
2023-06-25,0.021530760370619993,0.01720976494077507
2023-06-26,-0.024789267748866122,-0.023816650786845237
2023-06-27,0.019164223428777112,0.022014080457853205
2023-06-28,-0.06587523070323802,-0.05692086323827842
2023-06-29,0.018018673499381972,0.028416241066857403
2023-06-30,0.06012412247068427,0.047008902625651106
2023-07-01,0.025741907363375248,0.007771838901306401
2023-07-02,0.0008639676554177945,0.00020825472030314846
2023-07-03,0.02066111273012612,0.02073033907434172
2023-07-04,-0.01264551476755566,-0.019518142228227148
2023-07-05,-0.03189717433820882,-0.028730236040276632
2023-07-06,-0.03658998060147885,-0.034861779789601914
2023-07-07,0.014167008176495969,0.020916909335394425
2023-07-08,-0.0023224258341074193,-0.00011828057505282072
2023-07-09,-0.007348478812224122,-0.0036424044322872816
2023-07-10,0.004539290018963432,0.0008820480784194369
2023-07-11,0.0027433028263634013,0.0027622979639476157
2023-07-12,0.000673302006226714,-0.0017093242205879395
2023-07-13,0.03569375833026381,0.02299076399308679
2023-07-14,-0.02288137745534064,-0.009125678796440207
2023-07-15,0.004502661611441141,0.009694169642815748
2023-07-16,-0.021892924848514024,-0.013234807997927492
2023-07-17,0.016897993360295616,0.007092601451365824
2023-07-18,-0.024748817862180875,-0.015407084826688509
2023-07-19,-6.855098970173743e-05,0.014761220352506219
2023-07-20,0.006412074034435804,-0.0077692343787069545
2023-07-21,0.0006608737092215646,1.5802786505201497e-05
2023-07-22,-0.00789003952667971,-0.005730930715476021
2023-07-23,0.004572886966084548,0.004270628079124895
2023-07-24,-0.025450728589729698,-0.020918443631484603
2023-07-25,-0.0005820347525610416,0.0035523888607623313
2023-07-26,0.00524715731040023,-0.0008596414027169352
2023-07-27,0.0002756293497511745,-0.005399086910414788
2023-07-28,0.0029078332534330908,0.005410270037598389
2023-07-29,-0.00013510892346858025,0.007883992854217307
2023-07-30,-0.005454422183953714,-0.0044331793450149886
2023-07-31,-0.0010089114855659834,0.000973519883390989
2023-08-01,0.0029922762299528457,0.005527458861103877
2023-08-02,-0.008627898065766451,-0.008272716396257306
2023-08-03,-0.004416120753266539,0.002781045589749338
2023-08-04,-0.002555438650890363,-0.0016542631099859782
2023-08-05,-0.0028796745209206686,0.0076477152456825796
2023-08-06,0.0037413564007720236,-0.0031754352182771363
2023-08-07,-0.0017468240537823266,-0.0009540013646965021
2023-08-08,0.003487123377311013,0.0007414766931875937
2023-08-09,-0.0007949755737605594,-0.004177881621278699
2023-08-10,-0.002839281232746805,0.0007570157197591937
2023-08-11,0.006851843659822675,0.0032132352208947964
2023-08-12,0.005307803654127503,0.008315094277039617
2023-08-13,0.0007029247182674685,-0.003809070609048534
2023-08-14,0.00591162784420311,0.005968536111307592
2023-08-15,-0.03722849405809149,-0.03635837876488938
2023-08-16,-0.017889900989795735,-0.02554001890420291
2023-08-17,-0.01236180243017361,-0.01504216492900343
2023-08-18,0.0008156275279677267,0.00039880569301902494
2023-08-19,0.0007303037193456454,0.002650261310246527
2023-08-20,-0.00037240229651505717,-0.0012549255829129346
2023-08-21,-0.0012163792909160869,-0.0008741932995654715
2023-08-22,-0.00012704560776209025,-0.0013595837582032607
2023-08-23,0.0032649182716208303,0.0032743766606725924
2023-08-24,-0.0015644892757990549,-0.002369588780615197
2023-08-25,-0.0023106130788671363,-0.003664862288913111
2023-08-26,-0.0005800966520743652,-0.002199694806967861
2023-08-27,-0.0005381552150941132,0.0054248318406891335
2023-08-28,-0.0028254477232682942,-0.006580110907210019
2023-08-29,0.014404328677868686,0.010898688808681169
2023-08-30,-0.010358495213136719,-0.004077275763275652
2023-08-31,-0.02920850223038441,-0.02205508223370984
2023-09-01,-0.010133094429070974,-0.004589994714880941
2023-09-02,0.00025801302210524355,-0.0016468394122321043
2023-09-03,-1.7518634072393214e-05,0.0007259591974344446
2023-09-04,-0.002320872240401143,0.002776030000691493
2023-09-05,0.011761294416437456,-0.0030910643667678506
2023-09-06,0.007825370627099718,0.011879816536782719
2023-09-07,0.01689632692520661,0.0023142387344102355
2023-09-08,-0.003571556684030122,-0.009828036009443748
2023-09-09,-0.0007476136818851495,-0.0026535102192377993
2023-09-10,-0.030226111227527438,-0.030010103564436962
2023-09-11,-0.03474015274680497,-0.03029934122235885
2023-09-12,0.010039343703671438,0.0029735368924219455
2023-09-13,0.018234886634538275,0.0024331821842726573
2023-09-14,0.011989483825455503,0.004710082776611895
2023-09-15,0.02864689299140246,0.01958578336047431
2023-09-16,0.0036097436239221955,0.013849950351098437
2023-09-17,-0.035983959786622076,-0.03490345417244446
2023-09-18,0.015160566796913168,0.014417825084283421
2023-09-19,0.023860798436464385,0.01804960042219836
2023-09-20,-0.00015620480186030373,0.005096349039861138
2023-09-21,-0.018518820495726777,-0.026824007980406434
2023-09-22,0.010790945241306863,0.01870474582866292
2023-09-23,-0.0028719410325072376,-0.00990607268171613
2023-09-24,-0.015968205199400898,-0.0076221203024707035
2023-09-25,0.012025963545393698,0.011959080138425995
2023-09-26,-0.0020286624122555106,-0.006076699196506359
2023-09-27,0.005749322641521042,0.00646968412240954
2023-09-28,0.01715492529929833,0.027764118347109727
2023-09-29,0.0072218778402109406,0.015176970269025734
2023-09-30,0.00519161330536931,0.010419141378972117
2023-10-01,0.03725320801221421,0.03937099370648045
2023-10-02,-0.036740358548128,-0.03907249661229715
2023-10-03,-0.022635870267426403,-0.020254862858712183
2023-10-04,0.0004274528011989886,-0.0030357128193885833
2023-10-05,-0.013317007236616274,-0.015090469782756306
2023-10-06,0.012531484297235065,0.017298122038552455
2023-10-07,-0.002208143278463192,-0.004150344965203251
2023-10-08,0.0006416973322435891,-0.007374163356238241
2023-10-09,-0.01910949609981917,-0.03168151544153785
2023-10-10,-0.0043699960436601815,-0.005355162731302486
2023-10-11,-0.0008486582982330095,-0.003822592303774717
2023-10-12,0.000256074952372789,-0.0001368421052631579
2023-10-13,0.0010455452775718274,0.0
2023-10-14,0.001032329406083997,0.0007808802980903687
2023-10-15,0.0032658286118894464,-0.0005590030881623373
2023-10-16,0.003348602491550958,0.0005566604628855586
2023-10-17,-0.00669759088423444,-0.006213611104306314
2023-10-18,-0.004296071938115513,-0.004089297023534124
2023-10-19,-0.0044092933770457565,0.002440603128364384
2023-10-20,0.00918112103082825,0.017452239754773186
2023-10-21,0.007516216786199321,0.029554949160065198
2023-10-22,0.011047503946005354,0.02468151354681613
2023-10-23,0.053499015196503255,0.07012341274251323
2023-10-24,0.021127575978021926,0.004739847537018773
2023-10-25,0.022105956834779235,0.05486131942567066
2023-10-26,-0.0010114598771217003,0.018213023440612756
2023-10-27,-0.013468722478378275,-0.01917133469518629
2023-10-28,0.031200204553414882,0.0235200915454668
2023-10-29,0.025884834413963328,0.009620569959514194
2023-10-30,0.020601310980462785,0.016145296873317946
2023-10-31,-0.01837359057855766,-0.0038183354467964383
2023-11-01,0.04209701233031524,0.025020659688908705
2023-11-02,-0.01819351384834167,-0.04154206351740998
2023-11-03,0.013674178787488762,0.014857095271795226
2023-11-04,0.0300941621823835,0.03135770015687372
2023-11-05,0.021675194348880482,0.005534574940898651
2023-11-06,0.04158711625126531,0.03617698449046445
2023-11-07,-0.016825418245076936,-0.02380160250267658
2023-11-08,0.028689429444757088,0.013942599532756759
2023-11-09,-0.004198110495996863,0.03853921968293382
2023-11-10,0.05033312005599102,0.049782814330652146
2023-11-11,0.01376006273461454,0.011300534374153357
2023-11-12,0.015880447501395997,0.014459892898074051
2023-11-13,-0.05198831018880625,-0.01637989901569766
2023-11-14,-0.003885320094610914,0.028486510462492877
2023-11-15,0.03834673494514481,0.02750537344930144
2023-11-16,-0.02338440147779795,-0.03635131946042418
2023-11-17,-0.0007901566996699851,0.004180673673727875
2023-11-18,-0.009684645863652395,-0.002284398535080643
2023-11-19,0.010347204308792742,0.01623473017239553
2023-11-20,-0.0041850622099017755,-0.01596592593938445
2023-11-21,-0.018982695037916653,-0.026611814138830972
2023-11-22,0.007747017155940354,0.03355610747235003
2023-11-23,-0.0005028490915028062,-0.004387268348855705
2023-11-24,0.0034714408977881,0.015265225635393611
2023-11-25,0.0027431148460713,0.0014204526971820476
2023-11-26,-0.006164379752377626,-0.002029321815245033
2023-11-27,-0.008081682659114815,-0.009867747863444437
2023-11-28,0.0032813707397418967,0.015304056939860039
2023-11-29,-0.003832846364535622,-0.011154092755400885
2023-11-30,-0.001425816986378708,-0.0027425357988499284
2023-12-01,0.007800416832969302,0.0021558665848780403
2023-12-02,0.011754797316477618,0.005460004883275624
2023-12-03,0.00695843129566268,0.0026822576788846737
2023-12-04,0.03739514348016187,0.027126646666288168
2023-12-05,0.012778411298731897,0.04584123022775093
2023-12-06,-0.021815082938891617,-0.02378167921228942
2023-12-07,0.015516135609219463,0.03535692458289321
2023-12-08,0.03003146536954,0.0247998471096944
2023-12-09,-0.004778616824685148,-0.02509868585459816
2023-12-10,0.014792085205202334,0.0248005873622766
2023-12-11,-0.05552489364527952,-0.03778791615388634
2023-12-12,0.014331675810427508,0.02407631420478184
2023-12-13,0.012357481121410434,0.0036659750793873857
2023-12-14,0.010634911250324109,0.06354825764400615
2023-12-15,-0.020187671891434833,-0.0279686128724143
2023-12-16,0.0094790657388436,0.007714682899907736
2023-12-17,-0.009940907508358457,-0.005836380101492088
2023-12-18,0.004902678474231662,0.003282175018453381
2023-12-19,-0.0008846164993234856,-0.013269480202115803
2023-12-20,0.011754167551409352,0.00947114425676236
2023-12-21,0.005600338915978625,0.015511532348680463
2023-12-22,0.0012018517872581947,0.013452405268199137
2023-12-23,0.012525946506349828,0.009564553444644045
2023-12-24,0.003330445692351409,-0.008830083817301729
2023-12-25,0.027955725785231214,0.03126315514744818
2023-12-26,0.005180049684007928,0.016761053537607564
2023-12-27,0.013505356602894645,0.00999953060100405
2023-12-28,-0.028608942648769363,-0.022106341674654556
2023-12-29,-0.008728711790369981,0.017294347117422577
2023-12-30,-0.0024538802330000948,-0.008647603322638133
2023-12-31,-0.0020448604314749373,-0.004742184738682227
2024-01-01,0.018252307440898168,0.03362819732738546
2024-01-02,-0.004153549600820136,-0.0009507723002575553
2024-01-03,-0.034726684612839356,0.0026095021346116826
2024-01-04,0.005452758400126161,0.00547929967807432
2024-01-05,-0.0020264357681138044,0.004346782609297767
2024-01-06,-0.004908908738689745,-0.029854088419694613
2024-01-07,-0.010467227574444871,-0.0037395842274130595
2024-01-08,0.004355965310062542,0.010609028294799748
2024-01-09,-0.00595931224055143,0.005563878271882019
2024-01-10,0.006609426361829648,0.034830198855210416
2024-01-11,0.004557512861815353,0.0034064119393582715
2024-01-12,-0.0054232761799029435,-0.019151695558367054
2024-01-13,0.004771724428031153,0.014066660688587838
2024-01-14,-0.005552503885375165,-0.015818451484997734
2024-01-15,0.007440404304484107,0.009242099433693569
2024-01-16,0.0011374697200507127,0.012087368565804958
2024-01-17,-0.0034049595452643727,-0.0054233754585242345
2024-01-18,-0.022013166340992794,-0.01646210853369358
2024-01-19,0.004347289165713872,0.00838661539211942
2024-01-20,6.431275777074461e-05,-0.01519504127548161
2024-01-21,0.001270753203309356,-0.0016671910934069527
2024-01-22,-0.014906542358872232,-0.013164550920293892
2024-01-23,-0.0014326840924468209,-0.0011774185256474708
2024-01-24,0.004108304443789154,0.0072891050432811666
2024-01-25,-0.0017633225945896279,8.530967773369725e-05
2024-01-26,0.004567099730694708,0.0002857085196847556
2024-01-27,0.00622207893695862,-0.004749203551164257
2024-01-28,-0.00847324631686296,-0.006047301732876471
2024-01-29,0.015764930636104253,0.01471537738465516
2024-01-30,-0.00989619416829559,-0.0042891503096133335
2024-01-31,-0.02320403270877778,-0.01805207220885926
2024-02-01,0.004398214986212115,0.0038348436838304464
2024-02-02,0.009998146843215696,0.010705193806767497
2024-02-03,-0.002144691110021119,-0.005886981674943362
2024-02-04,-0.015537086964493326,-0.008065600562821879
2024-02-05,0.005975472324284907,0.0005440966316571262
2024-02-06,0.000606014835622861,0.004343382681671616
2024-02-07,0.01841580031997516,0.009542507794421434
2024-02-08,0.00490282090032944,0.0028315067095870264
2024-02-09,0.028359624773293395,0.03779952960212585
2024-02-10,0.003972076407757463,0.0023134902312188462
2024-02-11,0.002657306654012585,-0.009614117164943448
2024-02-12,0.03229708791020947,0.05650969256375453
2024-02-13,0.002792306150925339,-0.0010487196350381228
2024-02-14,0.038135553725879796,0.05904526587461551
2024-02-15,0.023684557374278353,0.0052128444622045475
2024-02-16,0.0036489157673410813,-0.00016535889431070773
2024-02-17,0.009326994859701855,-0.0035935597322305744
2024-02-18,0.030970616113672973,0.03659399635109625
2024-02-19,0.026846610190891074,0.027691857927361254
2024-02-20,-0.01680519758000944,-0.00962543458457328
2024-02-21,-0.022496559081126966,-0.020621532593446436
2024-02-22,0.01217429029847628,-0.005958504987335162
2024-02-23,-0.0033533079472098173,-0.009600035187865247
2024-02-24,0.031224200744165046,0.014572726731828299
2024-02-25,0.02000139509633751,0.009808596659766161
2024-02-26,0.02323482879667445,0.027814224085313078
2024-02-27,0.009066440125205005,0.044935564152852804
2024-02-28,0.01133347572244102,0.09299906193689146
2024-02-29,0.014049641169879145,-0.0037129709593288294
2024-03-01,0.04943601061425594,0.1228215236399548
2024-03-02,0.05089162983834865,0.05719674459845573
2024-03-03,-0.006903011093396911,0.030607026448879478
2024-03-04,0.018497573051378675,0.06099034396996634
2024-03-05,-0.05579796961799003,-0.03331044850778017
2024-03-06,0.05806861518759702,0.05439972533338915
2024-03-07,0.023395802824301475,0.0093765589364007
2024-03-08,-0.0008201336050299737,0.07253722387956242
2024-03-09,0.03330840818359341,0.014099488651459637
2024-03-10,0.0077037854338828276,-0.021198655117507306
2024-03-11,0.03219864376666842,0.029289646080889742
2024-03-12,0.00886767275908112,-0.016915324178381465
2024-03-13,0.013550065429542827,0.028353464494030697
2024-03-14,-0.018515889153737447,0.023088848307326548
2024-03-15,-0.04069038147596442,-0.03325286097106907
2024-03-16,-0.04069020773021827,-0.06280959012406381
2024-03-17,0.010936224531991575,0.024759076288892908
2024-03-18,-0.006671372069867585,-0.014781667843081566
2024-03-19,-0.007518289575894632,-0.010996825691127353
2024-03-20,0.00489664645896783,0.009179174867794137
2024-03-21,-0.005735351942985215,-0.0026662177898509032
2024-03-22,-0.0007809597026103662,0.00026366296725366866
2024-03-23,-0.0005834139077575459,-0.003258658301288616
2024-03-24,0.0041127154183125125,0.002762609806737647
2024-03-25,0.010333099271437779,0.011704711098859472
2024-03-26,0.005199736445631222,0.004677310511319346
2024-03-27,-0.005057267511849525,0.004609827140584132
2024-03-28,0.0016138854107751372,0.003634293495043966
2024-03-29,0.0004483571833144379,8.155141560252033e-05
2024-03-30,-0.0074735752970895,-0.0005555616847509196
2024-03-31,0.013461070625484609,0.01988054275931897
2024-04-01,-0.019274254048959823,-0.0181034827655064
2024-04-02,-0.027853632008550604,-0.02229456797519123
2024-04-03,-0.00309171918368194,-0.009036889691126655
2024-04-04,-0.0010058698711309124,0.005107985840118305
2024-04-05,-0.0018374146402545682,-7.212200580591023e-05
2024-04-06,0.0034060651795039844,0.00677302052604091
2024-04-07,0.0026590602134018053,0.005810075939994375
2024-04-08,0.0018566449695404206,0.0020795457907990243
2024-04-09,-0.014102927415539382,-0.009995423762206267
2024-04-10,0.0003290234013049159,0.009666070919739077
2024-04-11,-0.0032336597334252084,-0.007869643625063413
2024-04-12,-0.030225342285895546,-0.02196115981572036
2024-04-13,-0.013234136609760094,-0.008605073811351572
2024-04-14,0.0030920644710154222,0.006386237253027405
2024-04-15,-6.0010827353380755e-05,-0.005247169290251314
2024-04-16,0.00034663446898645456,-2.7083333333333332e-05
2024-04-17,-0.0014146520568421477,0.0
2024-04-18,0.002046743718449302,0.0
2024-04-19,6.841947082017141e-05,0.0
2024-04-20,-0.00014365603275676283,0.004759549585625468
2024-04-21,0.0003316904324857756,-0.0014800045796368084
2024-04-22,0.005261717962234609,0.007111834424511305
2024-04-23,-0.0034897156477657594,0.01183475756593983
2024-04-24,-0.036198949202140465,-0.03690232453017489
2024-04-25,0.004391210940790403,0.00578218368585614
2024-04-26,-0.020669908132821973,-0.023946124222422604
2024-04-27,0.007533395276839692,0.007941167233839955
2024-04-28,-0.011435268734042754,-0.0029817525608252407
2024-04-29,-0.007328301250727994,-0.00045187722548405455
2024-04-30,-0.05221995233003078,-0.04133215822256288
2024-05-01,0.008282739956662323,0.012111474158785964
2024-05-02,0.014685671686393948,0.011606934686846674
2024-05-03,0.028643742175494608,0.024033732287821782
2024-05-04,-3.2935889960293356e-05,0.009867055782277931
2024-05-05,0.015278851988118786,0.003240663851055042
2024-05-06,-0.01979358981090388,-0.011772983214003042
2024-05-07,-0.021374019223134838,-0.031172740407702248
2024-05-08,-0.002910905142801629,-0.0294155368701509
2024-05-09,0.037293671435475136,0.030452674930034257
2024-05-10,-0.0386690295293928,-0.03424843577121872
2024-05-11,-0.0002762448902182872,0.0018487221059635215
2024-05-12,-0.006782032425195763,-0.002860859274483339
2024-05-13,-0.011043088272467333,0.0037560409910073777
2024-05-14,-0.0294076604963195,-0.01752237711224629
2024-05-15,0.05382121598378351,0.03203463551679335
2024-05-16,-0.005730036125523124,-0.009889029879373297
2024-05-17,0.029264394809776596,0.019057048400950703
2024-05-18,0.00243649349366176,-0.003581979286297698
2024-05-19,-0.03991477052704672,-0.031064899352587227
2024-05-20,0.09189137142351154,0.10860505194735667
2024-05-21,0.004647022525609724,0.028884401052003
2024-05-22,-0.009429737156665419,-0.0243023529998929
2024-05-23,-0.009848208158794511,0.0009453582376735411
2024-05-24,0.014707529240201415,-0.007073540860823997
2024-05-25,0.013078419450481186,0.02309497863194729
2024-05-26,-0.007450124019853462,-0.003507869336434571
2024-05-27,0.028759942001472662,0.045465519211569605
2024-05-28,-0.010944730970042274,-0.002461648518109024
2024-05-29,-0.015086797834977756,-0.03293193275981732
2024-05-30,0.003667230255592872,-0.01333018147312016
2024-05-31,0.001411791443560748,0.0031369091797802794
2024-06-01,0.012778930609191757,-0.0004252801203835025
2024-06-02,0.0006884808604882751,-0.009316231320238465
2024-06-03,0.008833333478158222,0.006511790020407318
2024-06-04,0.012456422298260236,0.012146210552358315
2024-06-05,0.008704223174266274,0.004327561400260393
2024-06-06,-0.00888281562525804,-0.002104015436306194
2024-06-07,-0.05431835072807211,-0.03194499453992075
2024-06-08,-0.014629001009843942,-0.011301029355068616
2024-06-09,0.005081965533829258,-0.00034800621421263725
2024-06-10,-0.007216185112605411,-0.00914552631639177
2024-06-11,-0.0073645484317766555,-0.003259580692699101
2024-06-12,0.002548808648853465,0.0010859879032258024
2024-06-13,-0.0048109178189885875,-2.7083333333333332e-05
2024-06-14,-0.0013454640941032896,0.0
2024-06-15,0.0004250194124075757,0.0
2024-06-16,-0.0003406498529642486,0.0
2024-06-17,-0.006516801588931736,0.0
2024-06-18,-0.00239280330257602,0.0
2024-06-19,0.00010185765176460053,0.002738749199414425
2024-06-20,-0.0009285280135462658,-0.000676834794443825
2024-06-21,-6.947461582853576e-05,0.0005666146719871688
2024-06-22,-9.250314791051579e-05,-0.0058763905779024225
2024-06-23,-0.001484780660838366,-0.006501572900454782
2024-06-24,0.0013897537129137967,0.015327524664683132
2024-06-25,0.0011294809123601737,-0.004715629847272036
2024-06-26,-0.0024504860104457285,0.004677151369863885
2024-06-27,0.00577209953908772,-0.006862289652133711
2024-06-28,-0.016458927558788645,-0.03803039634582602
2024-06-29,-0.010748777651072695,-0.006244199467663619
2024-06-30,0.02781064094946799,0.01710355808936911
2024-07-01,-0.010595192843037046,-0.010066261635373377
2024-07-02,0.005923900573827368,0.0025908160776939673
2024-07-03,-0.04707627968506315,-0.04629299666579088
2024-07-04,-0.09679295282735337,-0.05075956039512656
2024-07-05,-0.010292185182841982,0.00921539955371272
2024-07-06,0.01572947823989528,0.010435767671694685
2024-07-07,-0.01858370100388608,-0.024471240324355846
2024-07-08,0.006528855037384306,0.018248202061594783
2024-07-09,0.010921606309652249,0.014976276027366934
2024-07-10,0.004504327398740704,0.0022870869472315447
2024-07-11,-0.015679862923590825,-0.024878068801263305
2024-07-12,0.018398839968261225,0.002695613738313694
2024-07-13,0.014952207668216278,0.013333187280979356
2024-07-14,0.02884686844582305,0.03259288849390259
2024-07-15,0.06295774886821304,0.09465883258308162
2024-07-16,0.00763442789546661,0.017134485414487772
2024-07-17,0.002236030389970887,-0.0090808644435643
2024-07-18,-0.006788793178661288,-0.003716174386238548
2024-07-19,0.03868325930194134,0.05053230861705317
2024-07-20,0.00914646897232422,0.005237246791716147
2024-07-21,0.01644903955727733,0.021766359126710027
2024-07-22,-0.053166657916368786,-0.04656074366951996
2024-07-23,-0.028467494652855755,-0.02190183865655248
2024-07-24,-0.017039395585796428,-0.029540313589327218
2024-07-25,-0.022878646594920303,-0.02891149737589853
2024-07-26,0.05255400065764809,0.0428467751318201
2024-07-27,0.005035484986207613,-0.007077198704678522
2024-07-28,-0.019528558644783884,-0.009591468513388336
2024-07-29,0.0016033023662911598,-0.009506348188970495
2024-07-30,-0.018127739335510328,-0.00790783222647635
2024-07-31,-0.01257724030971652,-0.007734063105855472
2024-08-01,-0.010473015759799895,-0.002706170982554483
2024-08-02,-0.01759529615342916,-0.0023186062080711874
2024-08-03,-0.008475191705131321,-2.6e-05
2024-08-04,-0.0028563133094079702,0.0
2024-08-05,-0.0009159941911111015,0.0
2024-08-06,-7.18232044198895e-06,0.0
2024-08-07,-1.1021589449871392e-05,0.0
2024-08-08,3.382016331080343e-06,0.0
2024-08-09,1.6223747104229295e-05,0.00014307361747093397
2024-08-10,0.0020849927266667423,0.004906527037654513
2024-08-11,-0.007396562768999359,-0.007115556220550761
2024-08-12,0.009715132213023859,0.01679200000245282
2024-08-13,0.0004931896145855726,0.004105191778023517
2024-08-14,-0.017994993881527113,-0.017593326241666277
2024-08-15,-0.026804222982290953,-0.02943506301662992
2024-08-16,-0.002003778880525612,-0.007061567649910307
2024-08-17,0.017328953919092737,0.008318241083003565
2024-08-18,0.004688510575863481,-0.0019475893180957767
2024-08-19,0.02072585739194413,0.016414754359605724
2024-08-20,0.010380789627987623,-0.0005526535133887885
2024-08-21,0.039547698785922555,0.027336646783476318
2024-08-22,0.015603562083698643,0.02134074406504346
2024-08-23,0.08131451762476789,0.09808524246417653
2024-08-24,0.018798937963864237,0.026811959965902687
2024-08-25,-0.024049458018531346,-0.017820854601581847
2024-08-26,-0.06101560208226866,-0.04511593233199432
2024-08-27,-0.061229644599392355,-0.06895639957526392
2024-08-28,-0.015241950894551198,-0.009322411613291108
2024-08-29,-0.0006559252707965192,-0.015100954637417108
2024-08-30,-0.0006010140151358838,0.000892709989196655
2024-08-31,-0.013992925787084465,-0.014556663883615583
2024-09-01,-0.01708438164729248,-0.031190417421978596
2024-09-02,0.006710452481016918,0.012212957492479502
2024-09-03,-0.006688158984550234,-0.014468249227432058
2024-09-04,0.0008937181507132745,0.002437654278486926
2024-09-05,-0.003141669204433226,-0.006813509615880516
2024-09-06,-0.002139194261065725,-0.0011601345965370781
2024-09-07,0.0025471417321553456,-0.0002634231570458967
2024-09-08,0.0010120203683929236,0.0024947574917134575
2024-09-09,0.006729307906791858,0.007645683112012409
2024-09-10,0.0036360871317611876,-0.0002685246799728326
2024-09-11,-0.015406361893380998,-0.019952699527700943
2024-09-12,0.0284747730784714,0.028292069697340855
2024-09-13,0.02143830684622437,0.025429808231745815
2024-09-14,-0.005336659547593446,-0.0078090611850188535
2024-09-15,-0.03668116305065348,-0.029614361748156307
2024-09-16,-0.023059131033132427,-0.022983230754004116
2024-09-17,0.03819107233528375,0.03588380008618537
2024-09-18,0.03546375372143381,0.03798239008551325
2024-09-19,0.036706096843023124,0.040966296365472006
2024-09-20,0.023567390158510067,0.03525470317928892
2024-09-21,0.025728792956970423,0.039176984746702205
2024-09-22,-0.03317940304418084,-0.024048079040116802
2024-09-23,0.03476327288391066,0.03381319130556523
2024-09-24,0.028688526069465464,0.04808811487246758
2024-09-25,-0.01601698125476208,-0.009172748631152874
2024-09-26,0.044932324909615635,0.052621960411522464
2024-09-27,0.026006146778831143,0.043516538818188205
2024-09-28,-0.02101108693296502,-0.007205552251226897
2024-09-29,0.011628585419303172,0.008329145746125003
2024-09-30,-0.06029236081362451,-0.04215976678309067
2024-10-01,-0.07264089931497225,-0.059539679679286375
2024-10-02,-0.009352148461155828,-0.032815979741725225
2024-10-03,-0.0028269960726878085,-0.025707579946853885
2024-10-04,0.002154979098152353,0.021220917864683178
2024-10-05,0.0002769584092110328,-0.004619007890411235
2024-10-06,0.00048805026686375756,0.008557575632752936
2024-10-07,-0.0013177386436048055,-0.005106458045509688
2024-10-08,-0.0020575579825215067,0.0009519020721058084
2024-10-09,-0.002689903513767699,-0.010173006808304614
2024-10-10,0.002220673443944122,-0.00028042053690101955
2024-10-11,0.002473111530694905,0.005301087442472047
2024-10-12,0.001661742241055448,-0.0012865793958733685
2024-10-13,-0.0016432510431035332,0.002530966715506429
2024-10-14,0.016683629884555167,0.015917639575613304
2024-10-15,-0.008311741950129304,-0.014008034930182387
2024-10-16,-0.020621654572053446,-0.003649376910025224
2024-10-17,-0.018593703726248256,-0.018776793742250334
2024-10-18,0.02551909315885005,0.027053215144270365
2024-10-19,0.0053261298503592515,0.006364979654855007
2024-10-20,0.04177440422658797,0.030087750987083876
2024-10-21,-0.036836042030767895,-0.026846853291448015
2024-10-22,0.0023211199793639905,-0.0074769478475732514
2024-10-23,-0.033426290049150625,-0.012934505578779466
2024-10-24,0.011786332283314115,0.007503564081049711
2024-10-25,-0.04753104741770975,-0.030678443472645468
2024-10-26,0.0017107073071060523,0.005078835128195213
2024-10-27,0.002216759800812916,0.00326753167652409
2024-10-28,-0.002248908514270132,0.005128481073847358
2024-10-29,0.0048771943316835795,0.00542544933658749
2024-10-30,-0.002123164827486791,-0.0029554702556173185
2024-10-31,-0.010989402213144357,-0.008874446470956891
2024-11-01,-0.003370543809373023,-0.00105843049627737
2024-11-02,-0.004267269268501366,-2.5581361410834844e-05
2024-11-03,-0.00243866418172406,-0.0024120431619770732
2024-11-04,-7.378651375817787e-05,0.0017930230682794617
2024-11-05,0.0006346610449338734,-2.6e-05
2024-11-06,0.0019720108992115366,0.006224367841798594
2024-11-07,0.0013172945838380572,0.0005860129270587995
2024-11-08,0.0038071154212785483,-0.002805706736586748
2024-11-09,0.04135448904500132,0.04579041653086226
2024-11-10,0.04204527277363779,0.0660296224730693
2024-11-11,0.06186537607458032,0.09958597601127903
2024-11-12,-0.05084389526707322,-0.005189816749851986
2024-11-13,-0.028473037549318125,0.01496857799969982
2024-11-14,-0.041528471080592766,-0.045795530947983644
2024-11-15,0.05516059389801211,0.07063384141420194
2024-11-16,0.07385032271179737,0.034873457753443964
2024-11-17,-0.04865395047413187,-0.016342556758088708
2024-11-18,0.07478260673149545,0.023739047096030457
2024-11-19,-0.02819387742715839,-0.01826521846184178
2024-11-20,-0.047423427770473446,-0.024011557821449
2024-11-21,0.04685871192360279,0.05362750839809037
2024-11-22,0.04287919240451594,0.016158231549739145
2024-11-23,0.07067383040616122,0.01879158300164231
2024-11-24,0.05903576617823953,0.021990709171355222
2024-11-25,-0.03292116730982754,-0.02163178610550171
2024-11-26,-0.0038482710719452686,-0.01049119916355273
2024-11-27,0.06786685945107034,0.041628770121486455
2024-11-28,-0.0005829376750214764,0.009543102423085148
2024-11-29,0.03116952427994194,0.0181869862793063
2024-11-30,0.04355078944947717,0.034567785440484174
2024-12-01,0.015937718905661397,-0.0025854457804410256
2024-12-02,0.03640073058461446,0.009348558223612417
2024-12-03,0.0902093709480498,0.014890177588788578
2024-12-04,0.019636026517143024,0.018213654357500095
2024-12-05,-0.013396508461814035,0.004715095507781619
2024-12-06,0.04738948439514392,0.05048490137691148
2024-12-07,-0.005751136884045276,-0.0014900908520151818
2024-12-08,0.01119848328701794,0.003319736183147132
2024-12-09,-0.18223882130904517,-0.10715326494727564
2024-12-10,-0.011261605766281458,-0.01483326736817506
2024-12-11,0.013675359322601404,0.01251832458038355
2024-12-12,0.0008452640492411065,0.001426570259466315
2024-12-13,0.0006446697587671,0.0005203462086308661
2024-12-14,-0.004436358755628018,0.0013315068833221729
2024-12-15,0.0023378308426234506,0.007117086746742089
2024-12-16,-0.0025105197908953524,-0.006056162610742754
2024-12-17,-0.0031025620272214505,-0.004764059569308258
2024-12-18,-0.001690374627164986,-0.0061583392961309285
2024-12-19,-0.0008834886911404669,-7.8e-05
2024-12-20,-7.18232044198895e-06,0.0
2024-12-21,0.0001835200918115125,0.0
2024-12-22,-0.0007277560698375938,0.0
2024-12-23,0.0007697969688282447,0.0
2024-12-24,0.0010666450048713385,0.0
2024-12-25,0.0021672189511498193,0.0
2024-12-26,-0.002319364256838033,0.0
2024-12-27,-0.0029801983184171007,0.0
2024-12-28,-0.000717554733208193,0.0
2024-12-29,-0.0012448676696919518,0.0
2024-12-30,-0.0021226960120288236,0.0
2024-12-31,-0.0007426031723074657,0.0
2025-01-01,0.0005504350780260908,0.0
2025-01-02,0.0047936809305886745,0.007762758764287843
2025-01-03,0.019697355242132838,0.0302825206328168
2025-01-04,0.0010424368564190421,0.004650875361329035
2025-01-05,0.004668475098478714,-0.0008403459441747985
2025-01-06,0.0092280853847226,0.008110663579263036
2025-01-07,-0.10545389122828397,-0.09688901260549547
2025-01-08,-0.02691395060097112,-0.04050283015487323
2025-01-09,-0.006420842897473984,-0.03203250070728025
2025-01-10,0.004663697324457357,0.01757019580570704
2025-01-11,-0.0005440366382570686,0.0021994543702237497
2025-01-12,-0.005234763850496274,-0.007582739105166275
2025-01-13,-0.009008787677194426,-0.008081260838724482
2025-01-14,0.0069607378962633784,0.006994596574695457
2025-01-15,0.006320586985471774,0.018430138152464987
2025-01-16,-0.007719419530486621,-0.008079098580355114
2025-01-17,0.041735867564156925,0.03618781946171734
2025-01-18,-0.061086135105411825,-0.04036618629837286
2025-01-19,-0.07820317583579872,-0.07427531443891928
2025-01-20,-0.0005672111061280754,-0.008745694699916616
2025-01-21,0.00859643373825335,0.017707916807092258
2025-01-22,-0.008794647323905082,-0.008288499835366565
2025-01-23,0.00012286059564628306,-0.005327563583866369
2025-01-24,-0.0036653118465727135,-0.005723742348219191
2025-01-25,0.0018775745148167382,-0.00021672588836012068
2025-01-26,0.0007642284699175084,-0.010716492578002305
2025-01-27,0.0009073887490189399,-0.008439571840423037
2025-01-28,-0.005220508466490744,-0.008382873534333845
2025-01-29,0.005372025945163565,0.002420564851352838
2025-01-30,0.003592109014741207,0.0046003604866073295
2025-01-31,-0.0005151782457026478,0.005480041964358959
2025-02-01,-0.0213609612663216,-0.021020462482571906
2025-02-02,-0.023995210807304986,-0.014139724202734912
2025-02-03,0.004101940578818143,-0.0010639672475330699
2025-02-04,-0.004546291097916593,-2.6e-05
2025-02-05,-0.0019063855423021977,0.0
2025-02-06,-0.0001874572900357788,0.0
2025-02-07,0.00015443152434781876,0.0
2025-02-08,-0.00020394709275639347,0.001112283681636283
2025-02-09,0.000716628593228925,-0.0007312704588969199
2025-02-10,0.003245001291190161,0.003648946209499844
2025-02-11,-0.003260949276206232,0.0016419717497837994
2025-02-12,0.03326865089426977,0.009128099313965984
2025-02-13,-0.023888367516644943,-0.02100425013018314
2025-02-14,0.018083154052662816,0.03402020062064474
2025-02-15,-0.02797278814581678,-0.024216405633286
2025-02-16,0.000883288836590978,-0.017171789785672742
2025-02-17,-0.00037113791593099675,0.0032890202578431563
2025-02-18,-0.043895746210876926,-0.04207301642796771
2025-02-19,0.018658589310782788,0.021754301365173527
2025-02-20,0.03580156692152642,0.0442039388171119
2025-02-21,-0.03468263154194561,-0.033080794816758366
2025-02-22,0.04080131453339618,0.03368478761029561
2025-02-23,-0.014237630336180234,-0.011493250097216285
2025-02-24,-0.11576501165484293,-0.12073020762001846
2025-02-25,0.025115912425431042,0.02222467423132743
2025-02-26,0.007814046390609534,0.007338902359398548
2025-02-27,0.004753582370883694,-0.004648533054083937
2025-02-28,0.0013374956110943923,0.004346140196918386
2025-03-01,-0.013819585129653117,-0.010526678887951271
2025-03-02,0.07712203066693217,0.07112227391394793
2025-03-03,-0.1352293247958135,-0.12950781432927672
2025-03-04,-0.015936904219518714,-0.01954770898165523
2025-03-05,0.022709704288372084,0.020971884657176126
2025-03-06,-0.01595612280830675,-0.006736462872134462
2025-03-07,-0.00977761013988038,-0.009138593838616774
2025-03-08,-0.010785359716041215,-0.010180424394730976
2025-03-09,-0.04375655869157523,-0.05213858434824128
2025-03-10,-0.008773089876367378,-0.006694385412449636
2025-03-11,0.003236837979179283,-0.0003846216027117826
2025-03-12,0.0007863892737744448,-0.002117235263967195
2025-03-13,-0.004075648684525501,-0.006708356063414915
2025-03-14,0.007629143233650701,0.007291583570169874
2025-03-15,0.011689665037129163,0.008669119865873685
2025-03-16,-0.03339021105998595,-0.03538519855590867
2025-03-17,0.04842126517094559,0.035112324022703874
2025-03-18,-0.007183522302972278,-0.015909756071986626
2025-03-19,0.03429393103853762,0.05794216842017021
2025-03-20,-0.02762662885984461,-0.025536049730404287
2025-03-21,-0.00995491394712259,-0.022967460001072047
2025-03-22,0.03084687440890209,0.012657271993841134
2025-03-23,1.0446245215952739e-05,0.024839843352645687
2025-03-24,0.03740697485149127,0.05437104581631498
2025-03-25,0.010646892992875084,0.012040559225142796
2025-03-26,-0.01709096116548021,-0.008653920453074747
2025-03-27,-0.0018642564411202188,0.0063307479534359026
2025-03-28,-0.07443501072212831,-0.07528573227865645
2025-03-29,-0.05255448882571609,-0.05681780514445197
2025-03-30,0.0036919197512656535,-0.005777691595871357
2025-03-31,-0.008231325272270574,-0.00419980865538326
2025-04-01,0.0072266753598606934,0.035096647265595665
2025-04-02,-0.02615614329259712,-0.047886256969841376
2025-04-03,0.003184488396294626,0.001037182707836641
2025-04-04,0.0005358361833070347,0.001523833864345949
2025-04-05,-0.0022163548749352634,-0.00501082939925797
2025-04-06,-0.018127665606737106,-0.04063367281226267
2025-04-07,0.0015050684485121597,0.003176211782534575
2025-04-08,-0.0019856108295058287,-0.002045367166474432
2025-04-09,0.0055092506740191905,-2.6e-05
2025-04-10,-0.0018340526775981194,-0.0018966291364617993
2025-04-11,0.008649275640187703,0.00967625552074882
2025-04-12,0.022000948249622235,0.035256628404607526
2025-04-13,-0.03991590071725312,-0.03390412156913997
2025-04-14,0.004270468489490949,-0.006703589728873111
2025-04-15,-0.014151189220531062,-0.037243777247193646
2025-04-16,-0.00600920295839157,0.000377066420764912
2025-04-17,0.014730231615716752,0.016033705025716712
2025-04-18,0.028369206683535406,0.016388749446039075
2025-04-19,0.037369043953109075,0.03248539100201486
2025-04-20,0.014115868890741685,0.010343757496655889
2025-04-21,0.009062502018947958,0.0017656708551669054
2025-04-22,0.06410456061834076,0.09625887394753656
2025-04-23,0.021094533213632676,0.017635035665184595
2025-04-24,0.017673505117399693,0.0321788954586415
2025-04-25,0.020119328018044207,0.03769649660227626
2025-04-26,0.025011365654602033,0.012859698157520768
2025-04-27,-0.051173549168981335,-0.03234166309123196
2025-04-28,0.029457364456133443,0.024840994882618397
2025-04-29,-0.025791634704427552,-0.023769311726584832
2025-04-30,0.008284677318512802,0.0022344999395714697
2025-05-01,0.01719815154540049,0.007977693841554528
2025-05-02,-0.0019984405600308804,-0.0045250751084638715
2025-05-03,-0.060241323693595306,-0.04813039774887846
2025-05-04,-0.019390374032523947,-0.02150827136121051
2025-05-05,-0.001523502450998087,0.0016878321448900826
2025-05-06,-0.003184815182323671,-0.0015826876145221716
2025-05-07,0.0014992069730742547,-5.179647441212214e-05
2025-05-08,0.015191049533565319,0.011306930519823429
2025-05-09,0.02631449252048206,0.028271249419883272
2025-05-10,0.07557884634184654,0.09711136925294123
2025-05-11,-0.028052659440824208,-0.03977091126944336
2025-05-12,0.009190424228840623,0.007873451236627646
2025-05-13,0.04261426352132045,0.04622834245961956
2025-05-14,-0.045277827906066416,-0.04535084134137763
2025-05-15,-0.06103101791789873,-0.058593772717475553
2025-05-16,-0.02117969379465037,-0.01734003424516407
2025-05-17,-0.023495410977243676,-0.023988246692202467
2025-05-18,0.02407866716872958,0.026639595728886124
2025-05-19,-0.007709129426783952,-0.009292866150197986
2025-05-20,0.000376390255662408,0.002417013026949494
2025-05-21,0.002664746289425309,0.010808389164774074
2025-05-22,0.0046037063308766455,0.01857098555105159
2025-05-23,-0.01969855442550861,-0.03284586135012635
2025-05-24,-0.001138156475866612,0.003912378239871577
2025-05-25,0.001668141741220182,-9.996787600838561e-05
2025-05-26,-8.219810064070095e-05,-0.0020764573563873674
2025-05-27,0.0008796780579437014,0.0048637070321021466
2025-05-28,6.90943965185952e-05,-0.0005922740506468748
2025-05-29,-0.0011992962082332582,-0.008862958777879662
2025-05-30,-0.009676610289751024,-0.006265865495932358
2025-05-31,-0.0015822860214314762,-5.2e-05
2025-06-01,0.0019267616265169793,0.0
2025-06-02,0.00019129045215864738,0.002588573918761876
2025-06-03,0.0006620087736200009,-0.00040489159660143616
2025-06-04,0.0015470000366597668,-0.0004827273134147078
2025-06-05,-0.005692909883263111,-0.0017428559095225774
2025-06-06,-0.002496846412559764,-0.0007810998700050796
2025-06-07,0.0030208861117525837,0.001826501931499828
2025-06-08,0.0007772746935565267,7.710592812406091e-05
2025-06-09,0.008256030083713617,0.0042444336467830895
2025-06-10,0.009506471411425554,0.0031061635908013665
2025-06-11,-0.031050015269290115,-0.015687969872258355
2025-06-12,-0.05108555806577702,-0.044870888060611964
2025-06-13,-0.011004481088951395,-0.009562684218317402
2025-06-14,-0.004781200497509337,-0.005564304584216342
2025-06-15,0.0021050258931944463,0.0009418874235657172
2025-06-16,-0.00031292321092366796,0.0006806938782370273
2025-06-17,-0.003351598261072338,-0.0017909571344685848
2025-06-18,0.00022573048140529285,-0.00047345568762703096
2025-06-19,-0.0006583777719986637,-0.0025322104180144486
2025-06-20,-0.001386543116771404,0.002100023889154315
2025-06-21,-0.002845469639348693,0.0016779788838612395
2025-06-22,-0.0030225997399616236,-0.0024569136828413484
2025-06-23,0.002791965266844559,0.008568451117372342
2025-06-24,-0.0002377661387247134,0.009848173984407054
2025-06-25,-0.005712873379541974,-0.006297386015484669
2025-06-26,-0.009445100509352737,-0.013204907617758638
2025-06-27,0.006987452124945735,0.010302632028945394
2025-06-28,0.01473133140367585,0.014882832526610216
2025-06-29,0.032330384442066526,0.03248552227455539
2025-06-30,-0.030138268614916346,-0.03155022998684152
2025-07-01,-0.03929200460549993,-0.0427820337038258
2025-07-02,0.06655829114014777,0.06754532449809374
2025-07-03,0.00418188910992894,0.010853000416439289
2025-07-04,-0.05032537992445925,-0.04807477740163264
2025-07-05,0.0008100212860754171,0.004946297242814965
2025-07-06,0.016660657913011852,0.033604226318778276
2025-07-07,-0.007746262951718504,-0.01433830933513445
2025-07-08,0.019504895273019275,0.01523662686313122
2025-07-09,0.04657728702172662,0.047392316404962595
2025-07-10,0.06864882619623411,0.08221485789925566
2025-07-11,0.012756468678805347,0.0001612417978291419
2025-07-12,-0.00035480248638127877,-0.008699363234661498
2025-07-13,0.026802640262359304,0.02154681805146109
2025-07-14,-0.0007789334725328592,0.01061258071755855
2025-07-15,0.03625271956609083,0.043565322681379956
2025-07-16,0.014676859009288522,0.04267276716638046
2025-07-17,0.013119471727934822,0.010614709235381773
2025-07-18,0.001079504254490908,0.0010882493099779221
2025-07-19,0.024034122750837703,0.020883294009865223
2025-07-20,0.04609891191470009,0.04038605852702448
2025-07-21,0.0168553472421484,0.02500781563141868
2025-07-22,-0.005389676886346976,0.01275940531069878
2025-07-23,-0.08735960673445826,-0.0864451203943337
2025-07-24,-0.024821599432549017,-0.02213045204948698
2025-07-25,0.018912802612863957,0.03243002047668513
2025-07-26,0.0027927107472288343,-0.0013257212431239784
2025-07-27,0.008653712313607866,0.015409207557192234
2025-07-28,-0.018846286903878063,-0.018061868985593945
2025-07-29,-0.001207000273415384,-0.007155235941543754
2025-07-30,-0.0003868297292858845,0.002078864098490698
2025-07-31,-0.002191280424097662,-0.0029536308366420595
2025-08-01,-0.0009711323109796419,-0.0006424617797582582
2025-08-02,-0.00027959142584875533,-0.0038598553123047677
2025-08-03,-1.4072034958709611e-06,-2.5e-05
2025-08-04,0.0028158922490421237,0.0
2025-08-05,-0.0007995549501806439,0.0
2025-08-06,0.00010636500047020119,0.0
2025-08-07,-0.00036989755288620535,0.0
2025-08-08,0.00036074512102620684,0.0031170947195948723
2025-08-09,0.0054762728597814525,0.0034469963478229657
2025-08-10,-0.003762266439441727,0.0008422947696620648
2025-08-11,-0.04333405938649578,-0.0374231562161266
2025-08-12,0.046741677933173124,0.03913368659707431
2025-08-13,0.034470609740784995,0.038876700887718565
2025-08-14,-0.08592619412999158,-0.06738109065500635
2025-08-15,-0.006871290710719722,-0.009424036882481248
2025-08-16,0.01976198618944728,0.010147291624606203
2025-08-17,0.0011903539027977347,0.0073621713733448115
2025-08-18,-0.020748586453628804,-0.02584583012710292
2025-08-19,-0.008806890115090428,-0.02095470985527343
2025-08-20,0.007460312436267769,0.006759862294376731
2025-08-21,-0.0019248048070478528,-0.0026448792945686344
2025-08-22,0.011492135001387611,0.009860266119643465
2025-08-23,-0.00440544355022674,0.00109677154633645
2025-08-24,-0.014188888440727111,-0.01604764480496793
2025-08-25,-0.04922246561593441,-0.05402878710398925
2025-08-26,0.004369843907534649,0.0024156769978550827
2025-08-27,0.0035365263282876197,-0.0018105917615907014
2025-08-28,0.0009116203403285562,0.0009587242296301119
2025-08-29,-0.01379645189550471,-0.0026653675650228146
2025-08-30,0.0007652924643438558,-0.0007651308304729753
2025-08-31,-0.004407182483217847,-0.0007320724002150273
2025-09-01,-0.005758449663232422,-0.004108277142711059
2025-09-02,0.0028332874418754645,0.0006135865950030606
2025-09-03,0.001617255578723154,0.00015630881376812948
2025-09-04,-0.006479884334687023,-0.00380075503216058
2025-09-05,0.0026911287780527963,-5e-05
2025-09-06,-0.00021623591540199678,-0.0009723918606073884
2025-09-07,0.0031362121847730478,0.004734512278115929
2025-09-08,0.0038125660659884012,0.039766162457621046
2025-09-09,0.004592445224968473,0.011164628882316788
2025-09-10,0.010511673112785164,0.013204605718250892
2025-09-11,0.013462814311325988,0.014230569930965987
2025-09-12,0.02012442309908576,0.022047436794075597
2025-09-13,0.016416267884983394,0.006686605857157049
2025-09-14,-0.039233639730993836,-0.03468378250702243
2025-09-15,-0.030415783095891834,-0.034760452151776526
2025-09-16,0.015058209371456776,0.017137195348676408
2025-09-17,0.02461349313104074,0.03230584336584903
2025-09-18,0.014408570940742398,0.008663254092981222
2025-09-19,-0.04037915028619746,-0.0402735655457176
2025-09-20,0.01565837094260161,0.004963339847080381
2025-09-21,-0.008884532965070588,-0.016370071556038944
2025-09-22,-0.03698736303236026,-0.0393566527211898
2025-09-23,-0.0007789251693466384,-0.0005502872770198558
2025-09-24,0.003622569234607661,-1.2435340164815355e-06
2025-09-25,-0.007980330438214044,-0.002730183706028071
2025-09-26,0.0034843784284416235,-2.5e-05
2025-09-27,1.0510137699335586e-05,0.0
2025-09-28,-0.0003680620289689723,0.0
2025-09-29,-0.0008161665170587121,0.0
2025-09-30,-0.002228430811675619,0.0
2025-10-01,0.008261458620810087,0.0
2025-10-02,0.007998735513768904,0.0033458307239206046
2025-10-03,0.0023609791717879923,0.0015787930692046114
2025-10-04,-0.020913254126293163,-0.01343045225923093
2025-10-05,-0.0034664366647411612,-0.005610100435988557
2025-10-06,0.03060674122285983,0.03136710857896401
2025-10-07,-0.046211641254872746,-0.048894405440330205
2025-10-08,0.027687106947605206,0.011366809433512917
2025-10-09,-0.018607480651642815,-0.02765576931062727
2025-10-10,-0.2242027008169916,-0.1304372589247777
2025-10-11,0.0014244585542710748,0.0017077280932979
2025-10-12,0.0029350627656918107,0.005667219582699345
2025-10-13,0.0023931539879481116,0.006138853528425864
2025-10-14,-0.0019595964930991285,-0.001413485454763766
2025-10-15,-0.001159104558321236,-0.005523316288662364
2025-10-16,-0.0015001437121521127,-0.0030875638034125684
2025-10-17,-0.0013913048603427709,0.0003748034567239156
2025-10-18,0.00016093997211582555,0.001721137499874254
2025-10-19,-0.000364537745493962,0.003766623403132693
2025-10-20,-0.0005733611054633529,-0.0038152415767118003
2025-10-21,-0.004976085809658896,-0.00348178155687593
2025-10-22,-0.0026004570291392197,-0.0018456242704244935
2025-10-23,0.0031464826085165804,0.002433588728873397
2025-10-24,0.003963369055479416,0.006205992084148022
2025-10-25,-0.0008375871414131985,0.004848995077843868
2025-10-26,0.025338436407413092,0.03495977083465665
2025-10-27,-0.025801626656412877,-0.024872899089456973
2025-10-28,-0.028134116616214046,-0.027271727928787137
2025-10-29,0.0021624194467406853,0.003931735295911675
2025-10-30,-0.057198856746598525,-0.06838801313842448
2025-10-31,0.012682486404302303,0.01948179209840058
2025-11-01,0.03820860295570618,0.025900000129531392
2025-11-02,0.007060401690060621,-0.0042386114897059275
2025-11-03,-0.10109416382884029,-0.11571231008723433
2025-11-04,-0.013743958763694069,-0.025319233365303215
2025-11-05,0.016226101897323267,0.007741337353015209
2025-11-06,0.007489101204681227,0.0007210902123962288
2025-11-07,0.05111816635384495,0.0340639395014576
2025-11-08,-0.01978110194100531,-0.00954214607963946
2025-11-09,0.0024264942535205886,0.007143642141831899
2025-11-10,0.012247904421988942,0.021264563113057834
2025-11-11,-0.058404777471543864,-0.056160686226028086
2025-11-12,-0.011645449221570053,-0.015360492613114117
2025-11-13,-0.030483087779376392,-0.0232102808200848
2025-11-14,-0.03222529441888564,-0.038410144478568824
2025-11-15,0.014726816727472728,0.007721662907341887
2025-11-16,-0.022018740781553064,-0.015734181796889134
2025-11-17,-0.01421938573276349,-0.013223786972687404
2025-11-18,0.00793109013844113,0.009858131916340166
2025-11-19,-0.008437643283489223,-0.0018833910941794922
2025-11-20,0.014770607069161239,-0.012683968218040948
2025-11-21,-0.02552407670081078,-0.021918053988606374
2025-11-22,-0.005215222269928491,-0.0025334968017978487
2025-11-23,0.0038056021828319123,0.0006589886761564073
2025-11-24,0.0018597716118253008,0.007982162443690367
2025-11-25,0.003313610533468031,0.00411596277872698
2025-11-26,0.00478467625840179,0.008077770956926678
2025-11-27,0.003118848860080784,-0.0010259072795039787
2025-11-28,-0.006655330298870809,-0.00837550113834622
2025-11-29,-0.012764247089048022,-0.011245977889105653
2025-11-30,-0.008322729607686166,-0.018190588113765793
2025-12-01,-0.05060184456132768,-0.06703105395834993
2025-12-02,0.039688039222786714,0.07400880192276323
2025-12-03,0.01623894660558384,0.03329265992574709
2025-12-04,-0.024649346510692057,-0.02847556233148337
2025-12-05,-0.019147754213638676,-0.052350958003721866
2025-12-06,0.021123518944851694,0.010575067512027863
2025-12-07,-0.02234006905579654,-0.011810490108003602
2025-12-08,0.017105856939153966,0.030332131137292925
2025-12-09,0.030190238669688407,0.03444723326573818
2025-12-10,-0.02382424443062072,-0.029149952789097853
2025-12-11,-0.017936812288683643,-0.01288225120982024
2025-12-12,-0.01942290563755753,-0.027248569644864776
2025-12-13,0.006230721419339701,0.013235096558614472
2025-12-14,-0.036647580067472034,-0.03688488166210723
2025-12-15,-0.01919265312338474,-0.03132523062438272
2025-12-16,-0.0014850198850980551,0.0040459808232501514
2025-12-17,-0.017988343819585303,-0.03568285511153685
2025-12-18,-0.005470616350381731,-0.010952947658545528
2025-12-19,0.004184821315890496,0.004882806928171161
2025-12-20,0.0006390593081636188,-0.000622469017485506
2025-12-21,-0.00472727943913359,-0.0018628184135430499
2025-12-22,0.0015265254223159502,0.002811920579624721
2025-12-23,-0.002810345692908296,-0.006260202898237241
2025-12-24,0.002145155041387451,-0.0005987062826856982
2025-12-25,-0.011239284747084419,-0.014714575850849535
2025-12-26,0.014403064687827009,0.016414415280394383
2025-12-27,0.02961558364994984,0.022133900631760094
2025-12-28,-0.011668775359995472,-0.008840727225327728
2025-12-29,-0.01245582990136663,-0.015951570868458134
2025-12-30,0.005073283083493747,0.005320056332143782
2025-12-31,-0.013205773368710493,-0.016944024924536706
2026-01-01,0.0460202648059604,0.06277432709540975
2026-01-02,0.03362704222155096,0.06629418716572946
2026-01-03,0.003922149116173977,0.021394438498722173
2026-01-04,0.024293535303055523,0.0625017542421194
2026-01-05,0.025448849989423664,0.035300732544005814
2026-01-06,0.015625880163871324,0.011229240544587299
2026-01-07,-0.03862680654415033,-0.048253211257991806
2026-01-08,-0.01030327874360387,-0.0162412284860551
2026-01-09,0.0022383703242913914,0.0006903964579485368
2026-01-10,-0.0008906266427509881,-0.009745426067161394
2026-01-11,-0.011260298071835564,0.00729465930226221
2026-01-12,-0.013496732192375677,-0.02275268950571596
2026-01-13,0.07044914502736414,0.08845701581773556
2026-01-14,-0.004128534720210515,-0.017867505672494784
2026-01-15,-0.035912129876127,-0.04132991818651477
2026-01-16,0.024789932453332525,0.0027995327698492308
2026-01-17,0.011160415795315107,-0.0009275814892566545
2026-01-18,-0.034271110115967646,-0.02984903153868981
2026-01-19,-0.010536559861981496,-0.009699845230025046
2026-01-20,-0.026113875202843882,-0.013284140792306103
2026-01-21,0.007673007500569919,-0.000125
2026-01-22,-0.0007585820008916487,0.0
2026-01-23,0.00011977620890496841,0.0
2026-01-24,-0.00485068151194372,0.0
2026-01-25,-0.0069147869993723965,0.0
2026-01-26,0.00246659086622341,0.0
2026-01-27,-0.00015221891493530948,0.009031126384646239
2026-01-28,-0.003156680953489991,0.00453046953046953
2026-01-29,-0.0067669865050173925,-0.01112841164340099
2026-01-30,-0.002120039580383596,-0.0008305889984010068
2026-01-31,-0.00715554973982346,0.00046231596914335203
2026-02-01,-0.003068853139872366,-0.0005432315580327556
2026-02-02,0.0002832368258339202,0.0034067263976006973
2026-02-03,-0.00016311116347790612,-0.0006772170769646775
2026-02-04,-0.0005437576229783207,0.0032773771571752946
2026-02-05,-0.0030671138276129957,-0.0025940210686976562
2026-02-06,0.0009163832215137553,-0.0008276298169915222
2026-02-07,-0.00025805978326970516,-0.0011582653817642657
2026-02-08,-0.001284885422720841,0.0012738447820133114
2026-02-09,0.0009198908270653532,-0.001319555263638374
2026-02-10,0.0010723495440121305,-0.0030508466252848285
2026-02-11,-0.001905911116340348,-2.5e-05
2026-02-12,-0.001972038700662893,0.0
2026-02-13,0.004142225679051721,0.000556282697151716
2026-02-14,0.018607970775538895,0.00975853513591183
2026-02-15,-0.03951571554542423,-0.04478517097050594
2026-02-16,0.01308268184278026,0.00959023899969029
2026-02-17,-0.011768114024052223,-0.015387981208659368
2026-02-18,-0.03352270825293912,-0.03657935742593177
2026-02-19,-0.009008334929905534,-0.02027015587178999
2026-02-20,0.01892749345427853,0.02264767140831379
2026-02-21,-0.0057212434044924855,-0.007710517746701469
2026-02-22,-0.023101138406708455,-0.030077081887510116
2026-02-23,-0.035126784052525936,-0.03182146822751664
2026-02-24,-0.0036569618661133744,-0.004776326995695329
2026-02-25,0.05762516441068495,0.09297101005624411
2026-02-26,-0.018517444387217606,-0.026294931709783673
2026-02-27,-0.013094804338043331,-0.027819638394308885
2026-02-28,0.0026328645498338164,0.007034889823228403
2026-03-01,-0.025593649909405734,-0.018900891275113508
2026-03-02,0.022385086412614226,0.03501929830106023
2026-03-03,-0.004824060075631455,-0.010882552384370851
2026-03-04,0.02603145140504424,0.04057350795168813
2026-03-05,-0.013697106882291667,-0.019552312520522096
2026-03-06,-0.021963494741093548,-0.04029959400737385
2026-03-07,-0.020873467470934774,-0.020810409328889234
2026-03-08,-0.006484106424435431,-0.011826885692297862
2026-03-09,0.01822995507867686,0.030067759746958175
2026-03-10,0.020446615891834326,0.01905402750126759
2026-03-11,0.021678999670292985,0.013003863599637377
2026-03-12,0.0035884272057690792,0.018140387909542425
2026-03-13,0.00032110710430350697,0.012568134185329443
2026-03-14,-0.005462739510944212,0.0030968477823697213
2026-03-15,0.021623545976185973,0.02871808027476308
2026-03-16,0.03779194728085752,0.0660360542528486
2026-03-17,-0.00815612035920214,-0.021915667423471622
2026-03-18,-0.03866819303561366,-0.044009475524377756
2026-03-19,-0.02028079776105031,-0.029455286225862406
2026-03-20,0.0055500540765096185,0.007817934945748596
2026-03-21,-0.02822270201913939,-0.028200793944546183
2026-03-22,-0.018077119516541635,-0.022034327767482036
2026-03-23,0.017496777887246313,0.032298504894673105
2026-03-24,0.005496289494703306,0.01515611157408339
2026-03-25,-0.0014737143065436532,0.005143750815376536
2026-03-26,-0.020937782878420012,-0.02837857758217311
2026-03-27,-0.011130521123197677,-0.02044323281512453
2026-03-28,-0.0014011587447810777,0.0016923601884371664
2026-03-29,-0.00412673853297506,-0.0038350683982728956
2026-03-30,0.004273130489134834,0.005119855829576394
2026-03-31,-0.00014509010637832039,0.0043204694362192955
2026-04-01,0.003261138937166743,0.0003306645143191094
2026-04-02,-0.007932307310789833,-0.010407469981058756
2026-04-03,0.01028453529466006,0.007997842419015624
2026-04-04,0.0003026960584203025,-1.899290417484585e-05
2026-04-05,-0.006751333177139512,0.0021535503660705018
2026-04-06,-0.004168295278822425,-0.010789691952311803
2026-04-07,0.026530825951288327,0.03692678919991662
2026-04-08,-0.0241102379010497,-0.024179137265501326
2026-04-09,0.016593941140663832,0.00842072939940492
2026-04-10,0.010211392152335002,0.01709451826935503
2026-04-11,-0.0019276805489466674,0.004280733677051066
2026-04-12,-0.03382063490210445,-0.04101286120083168
2026-04-13,0.0416662292084872,0.05520166451215897
2026-04-14,-0.019967880526346748,-0.024048504287274314
2026-04-15,0.034995235103650955,0.029294715988657235
2026-04-16,0.060257726248888865,0.06450855608735877
2026-04-17,0.01749632492942535,0.01034802822469114
2026-04-18,-0.03720537858093614,-0.037568991587256025
2026-04-19,-0.0322065922173098,-0.034694132074572163
2026-04-20,0.04201967812002601,0.02212535219719049
2026-04-21,-0.0037548264604522967,0.004795279193902993
2026-04-22,-0.0035299279163600148,0.0019100791493097482
2026-04-23,0.014583867237616727,0.008562526613350687
2026-04-24,0.012048370427134025,0.003045856413699759
2026-04-25,-0.001272635874419401,-0.006343214140236897
2026-04-26,0.008440695349967433,0.008187670883095173
2026-04-27,-0.012472547086958037,-0.01305042938636177
2026-04-28,0.0016896742548155625,-0.004172585914741431
2026-04-29,-0.011875918241969865,-0.002956334965516593
2026-04-30,-0.00042926803136937065,0.002133838687149106
2026-05-01,0.0033066302098724958,0.0070161546235308426
2026-05-02,0.00812673244658105,0.0038653063776036387
2026-05-03,-0.0025702571622995864,-0.0018533570721137762
2026-05-04,0.004417827171750469,0.007603544190400946
2026-05-05,0.01011309908533747,0.011515665956750503
2026-05-06,0.010161248064889526,0.01702946544433987
2026-05-07,0.005271071920730986,-0.00949483688359975
2026-05-08,0.03532629239685067,0.04693128351133175
2026-05-09,-0.007209148307072902,-0.006597141950051527
2026-05-10,0.02123958951942172,0.034722411706015484
2026-05-11,0.001601386104399715,-0.009051889991203403
2026-05-12,-0.021131116842454067,-0.031683383035589006
2026-05-13,-0.033106350719717736,-0.021676585760904796
2026-05-14,0.007644578451607409,0.011227761549856417
2026-05-15,-0.030940658787280775,-0.03263648861571045
2026-05-16,-0.009203561859950271,-0.01536580100509709
2026-05-17,-0.0034015177225050455,-0.001548187237421357
2026-05-18,0.0024035868645446456,0.0012903286192400643
2026-05-19,-0.002887772670099868,0.00021428186436827924
2026-05-20,0.00011628570985195197,0.005418211982039111
2026-05-21,0.0011214054618467507,0.002669000433721348
2026-05-22,-0.003159670325215759,-0.002363588216068198
2026-05-23,0.0022686412879244903,0.007066246008667113
2026-05-24,-0.0022020863824430553,0.001777343018436363
2026-05-25,0.0015453933990144542,0.007021598819156724
2026-05-26,-0.002520293191144335,0.008751917643513402
2026-05-27,-0.002868779049251685,-0.012178302999353997
2026-05-28,-0.002014453575331006,-0.011501753317346448
2026-05-29,0.0027656697839568297,0.008557394337570898
2026-05-30,9.995974215593737e-06,0.01927595465114039
2026-05-31,0.012241583632143156,0.0026751778692938807
2026-06-01,-0.0042352509239751,0.009795596566652
2026-06-02,-0.015896623123376367,-0.02156101748466732
2026-06-03,0.00034715669611750033,0.021018104456917684
2026-06-04,-0.012678355317419485,-0.025305024861314758
2026-06-05,-0.007638600244896919,-0.012055520733697572
2026-06-06,0.0003034151967599986,-0.010530375128998563
2026-06-07,-0.0007613804553041915,0.0054637992601858434
2026-06-08,-0.0009137162510559808,0.00011929783508902439
2026-06-09,0.0019564980049750907,0.0008575715347454432
2026-06-10,0.00012931629235350917,-0.004366845275936184
2026-06-11,0.00489201096647705,0.0039016477418253232
2026-06-12,-0.002597315654690055,-0.0029842185223080005
2026-06-13,-0.002895988273930442,0.004057032539339467
2026-06-14,0.002388783472374927,0.006520891695182738
2026-06-15,0.0031452379494732005,0.012999024811045637
2026-06-16,-0.0005689558743387825,0.007913039600303724
2026-06-17,-0.012523744527943815,-0.008044259058525297
2026-06-18,-0.028247943794947345,-0.01739224412275962
2026-06-19,0.006748041782271498,-0.014289181705196215
2026-06-20,0.021801275611684923,0.0047174519532069085
2026-06-21,-0.022052916514952278,-0.018855751303131857
2026-06-22,-0.0028745634819226673,0.007997651853592653
2026-06-23,-0.025381723933120846,-0.021460143113060798
2026-06-24,-0.018896554378671458,-0.01697422728959969
2026-06-25,-0.015648475906343752,-0.01562756017968013
2026-06-26,0.010642656831881482,0.009785464607352258
2026-06-27,-0.011719405058542834,-0.012437973953959148
2026-06-28,0.00014772477124692647,0.0012225145553805264
2026-06-29,0.005300683816267173,0.009786856065619604
2026-06-30,-0.01843365918193328,-0.010964080021587521
2026-07-01,0.0160318744357616,0.003332353219418713
2026-07-02,0.010303850217967675,0.010666414298701018
2026-07-03,0.0336750287551805,0.025400149814690114
2026-07-04,0.002511647828437466,-0.005673819287992883
2026-07-05,0.0008340890768768389,0.0028613667063220973
2026-07-06,0.003840274529186773,-0.011562928016042792
2026-07-07,-0.031639115255989635,-0.017951273824867615
2026-07-08,-0.007280120891273511,-0.013542607460571605
2026-07-09,0.003623606617714456,0.009415586765672591
2026-07-10,0.012387850680872333,0.014319383410743527
2026-07-11,-0.005378557097537754,-0.006427818429896101
2026-07-12,-0.006601670347355439,-0.0036415335385478393
2026-07-13,-0.015503926964624742,-0.01409594276464546
2026-07-14,0.01950046671589134,0.027954021640713488
2026-07-15,0.0016230555129579918,0.0012638033096861992
2026-07-16,-0.017260257057922456,-0.01710013165479131
2026-07-17,0.0028479961430931725,-0.0003561536428967829
2026-07-18,-0.0031302312062922747,-0.005476633878541113
2026-07-19,-0.007913070820883697,-0.0006142183407569163
2026-07-20,0.006630776424330439,0.009718506535313821
2026-07-21,0.008477812742334884,0.006661914271960643
2026-07-22,-0.0026440947895577088,0.0026269999119488082
2026-07-23,-0.016803155014185698,-0.021729398585320737
2026-07-24,-0.004982761852691763,-0.014104986328252208
2026-07-25,0.001868805312357186,0.012511708923567559
2026-07-26,0.007779720966287335,0.01901699078936188
2026-07-27,-0.025227803114695982,-0.03478180301971391
2026-07-28,-0.002291322148472069,0.0001251699129589458
2026-07-29,-0.0033307995520889,-0.009761848406987546
2026-07-30,0.00015181198582172106,0.002725124604932383
2026-07-31,0.0008734608675807984,-0.0020352800471833826
2026-08-01,-0.0017970252703318785,-0.0007161158303232335
2026-08-02,0.0028972063229519875,0.004078255464057447
2026-08-03,0.00022239343589848979,-0.0004707087399243929
2026-08-04,-0.0019841948858741834,-7.02190540024686e-05
2026-08-05,0.003982916727193964,-0.0017999112604112238
2026-08-06,0.008434186776990909,-0.008021134887250776
2026-08-07,-0.0004932511297018455,-0.009257996122959187
2026-08-08,0.0190022565396529,0.008215797482985706
2026-08-09,0.004145803813702254,-0.0062676585855586135
2026-08-10,-0.007696463231024009,0.0036997895137989
2026-08-11,-0.014706330776881825,-0.0024380763449265855
2026-08-12,-0.017179987695910035,-0.014544335330879513
2026-08-13,0.0008608292232273229,0.00702711152616185
