tf,n,mode,band,sharpe_full,ret_full,dd_full,trades,expo,sharpe_is,ret_is,dd_is,sharpe_oos,ret_oos,dd_oos
1d,6,ls,0.0,0.058011375212505406,-0.1964197036796287,-0.5574017038406113,153,0.9926547743966422,-0.07113487025818604,-0.21960816191325494,-0.5317627093048864,0.27073793905566645,0.029713865653025584,-0.2980999399187032
1d,6,ls,0.02,0.1808966127250161,-0.06523852116448714,-0.5074059817655916,141,0.9926547743966422,0.01823582946519104,-0.16483611625170935,-0.5074059817655916,0.4501685629977436,0.11925515102523288,-0.21178012361143705
1d,6,ls,0.04,0.03977900093440642,-0.2144354716769734,-0.5855352082256426,129,0.9926547743966422,-0.2078336745446299,-0.29715604056824085,-0.5855352082256426,0.44715491318731154,0.11769407388539954,-0.2117801236114375
1d,6,ls,0.06,0.061915996048305624,-0.1926823351187642,-0.5963321588872859,119,0.9926547743966422,-0.1583596747847472,-0.27012376918379766,-0.5855352082256426,0.42463829852470547,0.10610214553559727,-0.26249449374153655
1d,6,long_only,0.0,0.45160960326306376,0.27368082320619513,-0.3315286712437461,77,0.5204616998950682,0.9729279273840337,0.5251040348563532,-0.2514218772746414,-0.533940306127109,-0.164856433334294,-0.33152867124374574
1d,6,long_only,0.02,0.5443669593435688,0.37361941361507145,-0.2853888175299064,71,0.5173137460650578,1.0477397315952846,0.5806391833738078,-0.2377623986528805,-0.3716682796448482,-0.13097218640174468,-0.2853888175299063
1d,6,long_only,0.04,0.4350549275221376,0.25735063685657233,-0.3104616627816924,65,0.5152151101783841,0.8725651050015497,0.44699297706867336,-0.3104616627816924,-0.3774111092502459,-0.13105961343107508,-0.28612112740144624
1d,6,long_only,0.06,0.45170590757871876,0.2746303974056117,-0.3104616627816924,60,0.5173137460650578,0.9069644228009851,0.47415718223479053,-0.3104616627816924,-0.3976953398370201,-0.1353497355870149,-0.2627065902527157
1d,8,ls,0.0,0.4908053878182275,0.36948193779580607,-0.5431845822566095,115,0.9905561385099685,-0.0982532516633256,-0.23360482611268352,-0.5431845822566095,1.4635751372616568,0.7869135720799323,-0.1946112786337173
1d,8,ls,0.02,0.8082918809412851,1.0201258442352477,-0.5261362840697872,97,0.9905561385099685,0.25757006025138607,0.003937720324703964,-0.5261362840697872,1.7230267146979703,1.01220235412798,-0.20090432645711076
1d,8,ls,0.04,0.7507323834659365,0.8825663396856618,-0.5134777097407428,93,0.9905561385099685,0.3437047309542942,0.07170340276580678,-0.5134777097407428,1.426844946275723,0.7566113299885133,-0.20090432645711165
1d,8,ls,0.06,0.7451133427615859,0.869541017027214,-0.4680220872456847,89,0.9905561385099685,0.3838750641976904,0.104778115944973,-0.4680220872456847,1.345660206786414,0.6922321233961979,-0.18722567698688342
1d,8,long_only,0.0,0.7333214886699329,0.6113853350658747,-0.35152705124182415,58,0.5267576075550892,0.8811240776280973,0.4639406760989695,-0.35152705124182415,0.47524329106426333,0.10071764612744172,-0.17677692441415416
1d,8,long_only,0.02,0.9576301456090882,0.9511108681796272,-0.3400388575103792,49,0.5288562434417629,1.118348349437385,0.671870769979706,-0.3400388575103792,0.6854826892490373,0.16702253739582273,-0.16134995497156335
1d,8,long_only,0.04,0.9198196117693359,0.8858261890466568,-0.3307226945580697,47,0.5299055613850997,1.1852053902102064,0.729346542930843,-0.3307226945580697,0.4386367516544228,0.09048484050548833,-0.17230901502879914
1d,8,long_only,0.06,0.9203044824835347,0.8817599028762544,-0.2916312593741802,45,0.5183630640083945,1.2180998818385669,0.7571781743012034,-0.2916312593741802,0.37359694825620593,0.07089874572599708,-0.17603358447773543
1d,10,ls,0.0,0.04097773919171565,-0.21164318215782152,-0.5620343717521257,119,0.9884575026232949,0.00455950725308627,-0.17168727558980512,-0.5070616345028682,0.10093797899790008,-0.04823770707671493,-0.3766354421525677
1d,10,ls,0.02,0.41754693185841224,0.25153084699425543,-0.39837171822940776,99,0.9884575026232949,0.5394643507143146,0.24272999024841146,-0.39837171822940776,0.2227456013403702,0.007081873628946855,-0.38656079759509054
1d,10,ls,0.04,0.3047817460688677,0.08958211324012688,-0.5009734619851902,87,0.9884575026232949,0.36569535955341975,0.0891769739766819,-0.5009734619851902,0.2084063093074424,0.0003719682596321494,-0.4050437428375623
1d,10,ls,0.06,0.39413330226230747,0.21575294440744175,-0.45935859033082493,81,0.9884575026232949,0.5189337712551381,0.2232265066288015,-0.45935859033082493,0.19443253864985782,-0.006109712453794658,-0.35120778629277316
1d,10,long_only,0.0,0.40219114594044336,0.2236860446993374,-0.35001995339861225,60,0.5194123819517313,0.9636069400484786,0.5228341142514845,-0.29899373717686273,-0.6870794907763375,-0.19644166541356045,-0.3302692326958053
1d,10,long_only,0.02,0.6909154917485842,0.5451015708740958,-0.32679628018590257,50,0.5152151101783841,1.3585936397996732,0.8686198808433379,-0.25300508708181113,-0.5860864814053136,-0.17313222088980074,-0.326796280185902
1d,10,long_only,0.04,0.5952325204554572,0.43540687353798924,-0.3252318290612195,44,0.5194123819517313,1.2063498157937198,0.7420346520689538,-0.32264476399105646,-0.5966720942574144,-0.1760170374147223,-0.32523182906121906
1d,10,long_only,0.06,0.6616494575408346,0.5162381337277941,-0.34177946598677256,41,0.5183630640083945,1.32127491187579,0.8480502888465313,-0.29319524997943536,-0.5988547715139325,-0.17954714604971045,-0.3417794659867728
1d,12,ls,0.0,0.08480928301624584,-0.16612170595474318,-0.5678489076169478,104,0.9863588667366212,0.23437256315716867,-0.012291278009151974,-0.5229725858949941,-0.15678180768440983,-0.15574472971700315,-0.3424903263743785
1d,12,ls,0.02,0.2839395638823499,0.06356244126110377,-0.4789571644778168,88,0.9863588667366212,0.4080564342777358,0.12560560811861343,-0.4707229886119807,0.08548872183720072,-0.055119809647371065,-0.30436311633186985
1d,12,ls,0.04,0.1659595535662124,-0.07888774258991749,-0.5617483488097754,72,0.9853095487932844,0.35020848021368894,0.07790452411837046,-0.49262693757073694,-0.13088120618278434,-0.1454602547814029,-0.40447010850470055
1d,12,ls,0.06,0.22154380785978126,-0.014141026715076777,-0.5253000846584633,60,0.9853095487932844,0.3591377382910015,0.08515634279485429,-0.3987951456768476,0.0007968390736874821,-0.091505127504658,-0.3728224615156964
1d,12,long_only,0.0,0.4831666096553021,0.30708515931384994,-0.3530787306466583,52,0.5225603357817419,1.2021122931203316,0.7265986108659395,-0.3530787306466583,-0.9111410449533167,-0.242971035023416,-0.3263860767403527
1d,12,long_only,0.02,0.6347879759196726,0.47753707575567916,-0.31870006380544447,44,0.5246589716684156,1.3252704782034221,0.8430990833207155,-0.31870006380544447,-0.7130495585552826,-0.1983409415550269,-0.28667365654568255
1d,12,long_only,0.04,0.5525072257188979,0.38668280460730453,-0.339854837210118,36,0.5320041972717734,1.2898678499737275,0.8218887501738261,-0.334716848032135,-0.8804233191747489,-0.23887624616212122,-0.3337857928488678
1d,12,long_only,0.06,0.5976802816590115,0.43701964947272387,-0.31929741371251186,30,0.5267576075550892,1.3140525852686458,0.8326937969386017,-0.24773779291441378,-0.7584331431134237,-0.21589757553980182,-0.3192974137125122
1d,14,ls,0.0,0.870767317786682,1.1739306043066775,-0.3388415279910427,98,0.9842602308499475,1.1078296460739498,0.9020838997195069,-0.23780685001510404,0.49577164855987543,0.1429204593063751,-0.33884152799104283
1d,14,ls,0.02,0.5693776945949159,0.5068261134202228,-0.39658251017281776,78,0.9842602308499475,0.8389465568062837,0.555691556799353,-0.36304872078782047,0.13877073376670807,-0.031410753092769084,-0.39658251017281776
1d,14,ls,0.04,0.48491401111022364,0.3594653645164978,-0.41121006151182105,62,0.9832109129066107,0.7968763701209425,0.5072754997073723,-0.41121006151182105,-0.01483518389066959,-0.09806444490046484,-0.3572764331505991
1d,14,ls,0.06,0.6055335532830938,0.574460770229902,-0.3921387724193819,54,0.9832109129066107,0.9948045894016013,0.7476485768209686,-0.3921387724193819,-0.017201170723058073,-0.09909761544057338,-0.33345498085739955
1d,14,long_only,0.0,1.0643937885811376,1.1109870485907631,-0.256275329544954,49,0.5236096537250787,1.7842188028377517,1.3921167941833166,-0.16831868375128756,-0.3614921079003861,-0.11752341954044687,-0.24273119224266027
1d,14,long_only,0.02,0.8467943062319984,0.7606747813262837,-0.3209699190122184,39,0.5099685204616999,1.616566507659917,1.1684595867520042,-0.21628522510258652,-0.671773933790717,-0.18805275778116437,-0.32096991901221783
1d,14,long_only,0.04,0.7622107538187991,0.6530682447860241,-0.35444030059474996,31,0.521511017838405,1.556830306122788,1.114524331416375,-0.25927867563072504,-0.7795668810255996,-0.21823162768775228,-0.3544403005947503
1d,14,long_only,0.06,0.8509088162772829,0.7791035563106685,-0.34484135268535976,27,0.5194123819517313,1.6919924208189243,1.2762739384471935,-0.24759236851288813,-0.7852716808492258,-0.21841412570741836,-0.34484135268536
1d,16,ls,0.0,-0.2304285294696809,-0.43163858432113555,-0.6848230320043402,102,0.9821615949632738,0.08876675697645946,-0.11395692155884762,-0.4915288471213185,-0.7498154366547095,-0.35853974879099315,-0.48378168536893096
1d,16,ls,0.02,-0.1330994783714633,-0.3603123216357965,-0.64163547788189,84,0.9821615949632738,0.227574925102342,-0.016684800907857067,-0.41144066432306936,-0.7183177642618941,-0.34945816056255197,-0.46998869109339414
1d,16,ls,0.04,-0.13253478951566602,-0.3592948900874706,-0.653299256981419,69,0.9811122770199371,0.2771699554094062,0.020910865866547557,-0.4749627577696698,-0.796738152663432,-0.37241816956399965,-0.5187464798423918
1d,16,ls,0.06,-0.11807014240591111,-0.3479136650859974,-0.6486608442084079,61,0.9811122770199371,0.2738218699435566,0.01834425627369307,-0.44929975845781756,-0.7531768061515621,-0.3596602220745021,-0.5110787558938839
1d,16,long_only,0.0,0.24573321957684416,0.07642991175387848,-0.4308087806826817,51,0.5089192025183631,1.0818821459687225,0.630186031856883,-0.26778095296338,-1.440589723698417,-0.33968891235820575,-0.41926219069990056
1d,16,long_only,0.02,0.31415122054921807,0.1387585363253412,-0.44245629504556483,42,0.5152151101783841,1.1728779248121404,0.7158172446783588,-0.24818985063700938,-1.3704655996487776,-0.3363171166059655,-0.4156722381355026
1d,16,long_only,0.04,0.33616508203990875,0.15979567973043007,-0.46477692934134174,34,0.5089192025183631,1.2400936711713118,0.7783744915881636,-0.2931521997039066,-1.4479697212277058,-0.34783383071656493,-0.43906514198420243
1d,16,long_only,0.06,0.34653299866441045,0.16982607863825105,-0.4796226468824646,30,0.5110178384050367,1.2366014405769687,0.7757945828227157,-0.2571227057859141,-1.4106326454335196,-0.34123795063123075,-0.43461307823838247
1d,18,ls,0.0,0.13740226593811067,-0.10943592261603774,-0.4820029878375194,101,0.9800629590766002,0.5538556207802734,0.2562253923876423,-0.36271333224801605,-0.5332614845758662,-0.2910793852914304,-0.40227946186113206
1d,18,ls,0.02,-0.0636540878007922,-0.30290748681801694,-0.6122972687742619,83,0.9800629590766002,0.16782164494402105,-0.05932662280822132,-0.42622272842235087,-0.43800485211265194,-0.258943082600005,-0.4029189381094612
1d,18,ls,0.04,0.1312262791711902,-0.1162463247939729,-0.5334242507893319,59,0.9800629590766002,0.5259854216451094,0.23024981991113314,-0.40172456411664936,-0.5048774101833678,-0.2816469786032041,-0.4216234348489196
1d,18,ls,0.06,-0.13224554351602297,-0.35915077855632793,-0.6491585654882028,51,0.9800629590766002,0.2880903084507554,0.02920740325267901,-0.5037598594729884,-0.8124227690261507,-0.3773371436910099,-0.5083589464524529
1d,18,long_only,0.0,0.5332078329341625,0.36411001587173497,-0.3924376993083022,50,0.5005246589716684,1.4125598023365888,0.9610070359018497,-0.21795172473795588,-1.2929426062941765,-0.30438290587550443,-0.3916516844082234
1d,18,long_only,0.02,0.385575536361984,0.207777875990238,-0.3975014156594401,41,0.49842602308499473,1.1645104929710164,0.7020707389061722,-0.2547450782217281,-1.1632739980036597,-0.29040676842467217,-0.37442224862722695
1d,18,long_only,0.04,0.5329944097255391,0.3618623693169407,-0.3884307007231872,29,0.4910807974816369,1.4122715245858795,0.9459108683548139,-0.2219294139338044,-1.2562925708845236,-0.30014144457277236,-0.38843070072318675
1d,18,long_only,0.06,0.33038804025556967,0.15426940676038425,-0.43114586328582105,25,0.5026232948583421,1.2284402542353563,0.7748211094062589,-0.29585366948915337,-1.4854981205778097,-0.3496418311440248,-0.4311458632858206
1d,20,ls,0.0,0.3980487577053577,0.2233397747789676,-0.48791248497822237,84,0.9779643231899265,0.6112563388404718,0.31132112802901224,-0.48791248497822237,0.057423671613337085,-0.06709367474486261,-0.38571581695192214
1d,20,ls,0.02,0.32527814392683463,0.11953128176148775,-0.4691849139397799,64,0.9779643231899265,0.7936942933344093,0.5028780573302802,-0.4691849139397799,-0.42689471262062767,-0.2550751031988384,-0.3934801876465709
1d,20,ls,0.04,0.04684168998913986,-0.20247822389853987,-0.5704082170008204,56,0.9779643231899265,0.4680723606357532,0.17784627090583172,-0.5358881827041893,-0.6330040435100477,-0.32289824589067906,-0.4419572727773864
1d,20,ls,0.06,-0.057613487130445125,-0.29779773526959297,-0.5975211876782509,48,0.9779643231899265,0.23314760210605917,-0.012161834453289666,-0.5611668251668731,-0.5275360441287064,-0.28915252596888674,-0.3980342451117782
1d,20,long_only,0.0,0.731341147361583,0.6025911682460872,-0.33464212118433223,42,0.4994753410283316,1.4706380676429718,1.010043057786639,-0.28969253066800205,-0.7504475006028801,-0.20270804048805802,-0.334642121184333
1d,20,long_only,0.02,0.6812322759142292,0.5354299441896242,-0.3820631860406807,32,0.4994753410283316,1.5843750350577661,1.1482537973584956,-0.2774757318403648,-1.247613712734057,-0.2852660397586174,-0.38206318604068024
1d,20,long_only,0.04,0.4652635715593424,0.2904783732848679,-0.3918012728484097,28,0.5078698845750262,1.3390064549842542,0.8960501036738349,-0.31902583334720913,-1.4121883861114677,-0.31938593247910296,-0.3918012728484097
1d,20,long_only,0.06,0.38995015899242735,0.2121963704712182,-0.3683740150988031,24,0.49737670514165794,1.1865488361124812,0.738504367983249,-0.33715640019742654,-1.3105011014903423,-0.302736080049413,-0.3683740150988033
1d,22,ls,0.0,-0.1614556147816033,-0.3804735247814177,-0.6382737899520532,78,0.9758656873032528,0.0010968399912868608,-0.1691326545342865,-0.6227822277251743,-0.42450307389206576,-0.2543617478776603,-0.33631069341202546
1d,22,ls,0.02,-0.15317466626103118,-0.3742762374671007,-0.6385833217969781,58,0.9758656873032528,0.1516650559911792,-0.0701961123863819,-0.6108081552026845,-0.6451400990011543,-0.327036839844963,-0.421405515964119
1d,22,ls,0.04,-0.26237574479233783,-0.45204666054745124,-0.6908420210426962,54,0.9758656873032528,-0.10835221486070679,-0.2343611536097583,-0.6061898165919416,-0.5123749284930403,-0.2843187855005196,-0.44293060235963344
1d,22,ls,0.06,-0.18224968574365105,-0.39599380245174587,-0.6336120794414958,42,0.9758656873032528,-0.19369740785655368,-0.28164601250357424,-0.6336120794414958,-0.16536445355462834,-0.15918028150256358,-0.38127463049342925
1d,22,long_only,0.0,0.3345878940778261,0.15816667723867006,-0.38989149414614444,39,0.5015739769150053,1.0484621657310185,0.6208429032695417,-0.38989149414614444,-1.2281994653370167,-0.2854540838582005,-0.33799448415530775
1d,22,long_only,0.02,0.33874512215062,0.16228255856854878,-0.4025538196940244,29,0.5005246589716684,1.141558688902752,0.7121728383719803,-0.4025538196940244,-1.4326906538445805,-0.3211651694733665,-0.38208077375495175
1d,22,long_only,0.04,0.2596688877627555,0.08783842122576391,-0.3990469589197436,27,0.49842602308499473,0.9762295814440568,0.5562384137038141,-0.3990469589197436,-1.2760526648060408,-0.3009821556603709,-0.3939510978154541
1d,22,long_only,0.06,0.31910176184502487,0.14332385506407452,-0.42702982019091706,21,0.49213011542497376,0.9161756425274943,0.506451279111719,-0.42702982019091706,-0.9907892472503184,-0.24104823639684125,-0.3478958816349209
1d,24,ls,0.0,-0.1504914690177288,-0.3725303316663401,-0.6949224606182094,80,0.9737670514165793,-0.3067722296309098,-0.3401099904389674,-0.6407861366783854,0.09957718242941356,-0.04912991674012268,-0.3971055005896823
1d,24,ls,0.02,0.32549410700090425,0.11964677599138418,-0.5564746992833575,58,0.9737670514165793,0.2105131306312728,-0.02837980084913172,-0.5564746992833575,0.5134225397888471,0.15235024649537432,-0.3132410905298566
1d,24,ls,0.04,0.2803792425811624,0.05976296230150502,-0.5186503937732571,44,0.9737670514165793,0.16436606495895345,-0.06141649432836349,-0.5186503937732571,0.46950714054980086,0.1291088708650998,-0.3132410905298567
1d,24,ls,0.06,0.11761102724672438,-0.13026971591674974,-0.5504492714743066,38,0.9737670514165793,0.07162035419491213,-0.12408640178187491,-0.5504492714743066,0.19262074837657417,-0.007059274051062547,-0.31336376072633687
1d,24,long_only,0.0,0.34129031427704193,0.16466944241059367,-0.4285675127964662,40,0.5005246589716684,0.8467244364394775,0.4455679438386233,-0.4285675127964662,-0.7211892278405488,-0.19431705207997285,-0.33901729160503136
1d,24,long_only,0.02,0.6935804848163138,0.558427343236843,-0.3681827834519553,29,0.5036726128016789,1.1981062691003377,0.7547043363987185,-0.3681827834519553,-0.35777649921966403,-0.11185758711048999,-0.23570840602535648
1d,24,long_only,0.04,0.6658385621854641,0.5194075133726961,-0.34216244463433243,22,0.5026232948583421,1.1827314076146374,0.7292898399788472,-0.34216244463433243,-0.394025384621647,-0.12136908559453519,-0.25849910091212036
1d,24,long_only,0.06,0.5477565543932067,0.37786667555626785,-0.3647237076091001,19,0.49737670514165794,1.1052378441565234,0.6661476434244809,-0.3647237076091001,-0.6931808886950902,-0.17302246232854923,-0.2752107373664183
1d,26,ls,0.0,-0.34982587297280354,-0.5066554608666212,-0.6799827303338807,86,0.9716684155299056,-0.5521118914557641,-0.4496065456053723,-0.6410793154144125,-0.027813597201642774,-0.10365115138223358,-0.33656792822101
1d,26,ls,0.02,-0.0607364451035867,-0.29922458529823426,-0.5675224274432685,54,0.9716684155299056,-0.09534357842043419,-0.2260778912285597,-0.5675224274432685,-0.005676068015860587,-0.09451428411289475,-0.38545928519936157
1d,26,ls,0.04,-0.11742039775582987,-0.34581679833650614,-0.6009605880644289,46,0.9716684155299056,-0.15197313734493434,-0.25809772753998916,-0.6009605880644289,-0.06290364878089541,-0.11823534453622453,-0.4110064336379078
1d,26,ls,0.06,0.05837402988173675,-0.1903981819310645,-0.5950202662290904,34,0.9706190975865687,-0.1476970702150803,-0.2557676049838048,-0.5950202662290904,0.38958895868606397,0.08783469181198145,-0.3178379437462252
1d,26,long_only,0.0,0.16634558548085063,0.00798871415691016,-0.4157624279916473,43,0.5099685204616999,0.6389404646172502,0.28666428762679685,-0.4157624279916473,-0.8603216700183223,-0.21658763373614354,-0.31234639222642313
1d,26,long_only,0.02,0.3752678181548035,0.1978965304635425,-0.3763766774619445,27,0.5173137460650578,0.9378357320538215,0.5221699413276766,-0.3763766774619445,-0.8310496087929866,-0.2130336449695598,-0.3185265185572106
1d,26,long_only,0.04,0.3366638908779791,0.1598919907329348,-0.4004476975315526,23,0.521511017838405,0.9091808447383752,0.49353486525270895,-0.4004476975315526,-0.8840115219495082,-0.22339142010141244,-0.3269726478935242
1d,26,long_only,0.06,0.46983009384115004,0.2934988248718311,-0.3951065703928027,17,0.5078698845750262,0.9200526774662504,0.49922750205764244,-0.3951065703928027,-0.4704870048481503,-0.13722312117637658,-0.2545264578365525
1d,28,ls,0.0,0.052128417260589074,-0.1957827650174766,-0.5673423870780735,84,0.9695697796432319,-0.07719248416655433,-0.21493749019800967,-0.5507181017181448,0.2599876079137782,0.02439898089817749,-0.32291344462352256
1d,28,ls,0.02,0.43379548570663695,0.2770561086186687,-0.5242916475929351,62,0.9695697796432319,0.1875901851219485,-0.043948327932900155,-0.5242916475929351,0.8328820706936657,0.33576055137011296,-0.2706264176308574
1d,28,ls,0.04,0.3960976425811095,0.22029986592843342,-0.5525885275528373,44,0.968520461699895,0.4223688876157698,0.13865034674089416,-0.5525885275528373,0.3571604568855429,0.07170727995757442,-0.27062641763085704
1d,28,ls,0.06,-0.03009480200006508,-0.27205422104360133,-0.5874404077829216,36,0.968520461699895,-0.08355437742330661,-0.21862411042844043,-0.5874404077829216,0.055361018402774076,-0.06837952300327432,-0.35003730969639923
1d,28,long_only,0.0,0.44595066489476937,0.2689155133733965,-0.3425717748832293,42,0.5204616998950682,0.9441237116734703,0.5175748156535296,-0.3425717748832293,-0.5774107833058886,-0.16385307644490033,-0.2727907183701874
1d,28,long_only,0.02,0.7210151733308081,0.5952436522327487,-0.3337585517344329,31,0.5257082896117523,1.1235667236879818,0.6742099080912609,-0.3337585517344329,-0.06127463147933588,-0.04716628152591684,-0.2664418472195985
1d,28,long_only,0.04,0.6958114205787068,0.5643876507009973,-0.33879115368628443,22,0.5362014690451207,1.285130641604753,0.8329482275761708,-0.33879115368628443,-0.47413913485568404,-0.14651836469506352,-0.31263126447158984
1d,28,long_only,0.06,0.38245339287812835,0.20567749922926026,-0.39228070258527314,18,0.5414480587618048,0.9277395604879987,0.5138577695331437,-0.39228070258527314,-0.7465025675240732,-0.20357280353947704,-0.32083497339032274
1d,30,ls,0.0,0.44803864666440635,0.29948212034418464,-0.5465873831369867,82,0.9674711437565582,0.5226993303491417,0.2268287164329359,-0.5465873831369867,0.33196576236443404,0.05922049503576465,-0.2322595415913553
1d,30,ls,0.02,0.21848497466240743,-0.01579953285622704,-0.6127869791655598,56,0.9664218258132214,-0.032816070909499985,-0.18828943786318064,-0.6127869791655598,0.6234133951359142,0.21250173775351122,-0.2519300701079894
1d,30,ls,0.04,0.15154775397000295,-0.09240342691545356,-0.5620512429640216,40,0.9664218258132214,0.09070355622093985,-0.11016562813172992,-0.5620512429640216,0.2503180900831093,0.01996124422456491,-0.32355149554487506
1d,30,ls,0.06,0.01361909823902042,-0.23222425254792745,-0.5583054786422013,32,0.9664218258132214,-0.048928579642488965,-0.19805147584097327,-0.5583054786422013,0.11395513317050404,-0.042612182300342916,-0.30492265534997354
1d,30,long_only,0.0,0.7344004397200643,0.6186647803159655,-0.3353477396950263,41,0.5288562434417629,1.3395840166117705,0.904437614099387,-0.3353477396950263,-0.5096386082893956,-0.1500562852086731,-0.2751979738532291
1d,30,long_only,0.02,0.5602722431660279,0.399638570839157,-0.40665409494835303,28,0.534102833158447,0.9642789774710571,0.5420048673961215,-0.40665409494835303,-0.24206423801039814,-0.09232545212218979,-0.25514617872549683
1d,30,long_only,0.04,0.5131838239942108,0.34498839639426193,-0.3715696756514525,20,0.5383001049317944,1.0417519166363236,0.6127434891557118,-0.3715696756514525,-0.5820078093629562,-0.16602460004450126,-0.3504573372279647
1d,30,long_only,0.06,0.4140309382668728,0.23766635822870463,-0.35791848042072727,16,0.546694648478489,0.9557950991019695,0.5334566383219443,-0.35791848042072727,-0.6911410555601907,-0.19289119281320044,-0.33231381818597727
1d,32,ls,0.0,0.28523852597617916,0.06724560507179866,-0.45841493701754865,70,0.9653725078698846,0.4684073863316175,0.1785865453731943,-0.43625411980266116,-0.005717607941546662,-0.09446988915535248,-0.3784738756895889
1d,32,ls,0.02,0.5989723995774126,0.5603448782644176,-0.41066841404103616,50,0.9643231899265478,0.5724796142091922,0.27334357525931074,-0.41066841404103616,0.6461576767770136,0.22539188054304882,-0.26433392813115497
1d,32,ls,0.04,0.2409490310253655,0.011353947085264382,-0.5770590912358917,40,0.9643231899265478,0.04216487160031401,-0.1417290478283093,-0.5770590912358917,0.5618778718174977,0.17836208312331348,-0.22091067704161693
1d,32,ls,0.06,0.3764071266405042,0.19162029355319055,-0.5525434372648372,32,0.9643231899265478,0.2121757022590429,-0.02604381185566995,-0.5525434372648372,0.6432063338493158,0.22348449351050936,-0.2150923265696304
1d,32,long_only,0.0,0.6133482825897466,0.45980211679703653,-0.36163040798879953,35,0.5383001049317944,1.298380433075369,0.8554523359824422,-0.27164087832386796,-0.826640502452642,-0.21323653079771243,-0.36163040798879964
1d,32,long_only,0.02,0.8449148597152157,0.7687193167149531,-0.30008758161238536,25,0.5424973767051416,1.3811995572618962,0.9352259849534201,-0.2540552855988678,-0.22764832283122827,-0.08603990930933914,-0.30008758161238613
1d,32,long_only,0.04,0.5753983887240867,0.4186150283697043,-0.3840833858044178,20,0.5487932843651626,1.005228828466005,0.5834494686880927,-0.3840833858044178,-0.3015398245985003,-0.104098326835118,-0.2730771476851048
1d,32,long_only,0.06,0.6748717022148951,0.5409952465283963,-0.36642340512146776,16,0.5445960125918153,1.1171117476334393,0.6863696083115935,-0.36642340512146776,-0.23411770946470223,-0.08620551572246826,-0.2785473813872694
1d,34,ls,0.0,0.5706904187711522,0.5078101645866095,-0.4296936347042304,62,0.9632738719832109,0.6785250811860234,0.377570525446429,-0.4296936347042304,0.402581433727818,0.09454299198073612,-0.2820874105034893
1d,34,ls,0.02,0.572833036450549,0.5117430689533795,-0.502273632450474,42,0.9622245540398741,0.42703105486103354,0.14292161438559114,-0.502273632450474,0.8112875597784613,0.32270056837280703,-0.201821519537283
1d,34,ls,0.04,0.46469744339046465,0.3263572864702706,-0.5110773196670721,34,0.9622245540398741,0.4029797305252045,0.1226231327544478,-0.5110773196670721,0.5672871829275467,0.18148045214064346,-0.2085334726895106
1d,34,ls,0.06,0.6068003663980467,0.57504294161809,-0.5160195171206509,26,0.9622245540398741,0.3553922172549518,0.08356248156229218,-0.5160195171206509,1.0155061990066168,0.4535783292784159,-0.19673683923585983
1d,34,long_only,0.0,0.8278643358423439,0.745851278306852,-0.3398585209643876,31,0.5424973767051416,1.4512815936727748,1.019654708335565,-0.28135571684754357,-0.45034912103510555,-0.13556942624829116,-0.33985852096438784
1d,34,long_only,0.02,0.8239522080453251,0.7434802292541898,-0.33165922056697716,21,0.5477439664218258,1.286545523715734,0.8390324037119625,-0.33165922056697716,-0.07965102069445446,-0.05195785254512475,-0.2709749570213089
1d,34,long_only,0.04,0.7401156741343041,0.6299680871907636,-0.3365882316523717,17,0.5540398740818469,1.263012399163067,0.8205804649959589,-0.3365882316523717,-0.2868946533416982,-0.10469868345292777,-0.3008947632629685
1d,34,long_only,0.06,0.8462802380636079,0.7783894511241909,-0.3393895713669258,13,0.5571878279118573,1.236196393849338,0.7901874071573369,-0.3393895713669258,0.09627364817721824,-0.006590346902215272,-0.24156434321771458
1d,36,ls,0.0,0.6382388071702042,0.6358137918758469,-0.4757766717664461,68,0.9611752360965372,0.9151723092061215,0.641274326144009,-0.4757766717664461,0.20064772176785628,-0.0033270088864372216,-0.3172821542715546
1d,36,ls,0.02,0.4795474872312284,0.3502469724169066,-0.4774521591765344,50,0.9601259181532005,0.45918893981683195,0.17046116704198666,-0.4774521591765344,0.5158360329318641,0.1536025375615646,-0.3097627087844175
1d,36,ls,0.04,0.38653163725189693,0.20640515777323265,-0.5590071679442021,32,0.9601259181532005,0.08057995440209478,-0.11664532170532915,-0.5590071679442021,0.8809240705559698,0.3657086869140902,-0.20615200965225355
1d,36,ls,0.06,0.6625184113718353,0.6836626744810801,-0.6030282776356042,23,0.9590766002098636,0.6283666041467191,0.32639468648538816,-0.6030282776356042,0.7223745533821292,0.26935269843576237,-0.286905642615377
1d,36,long_only,0.0,0.8586299778311124,0.8012926327479992,-0.36180632166234894,34,0.5414480587618048,1.5800689632799627,1.185700555367799,-0.3069007270958377,-0.622778672669711,-0.17587401058930163,-0.36180632166234905
1d,36,long_only,0.02,0.7206962352300404,0.6087872786303601,-0.31950622197265577,25,0.5477439664218258,1.23803164566118,0.8149297386146912,-0.31950622197265577,-0.34136130286992994,-0.11358150985044557,-0.3033633662702616
1d,36,long_only,0.04,0.6563109339596015,0.5219039800446708,-0.37160357833644564,16,0.5477439664218258,0.9958004510692549,0.5790479028844522,-0.37160357833644564,-0.020082342967052386,-0.03618884692186808,-0.26372538266115675
1d,36,long_only,0.06,0.8359945162836501,0.7753100844402396,-0.4212545088907109,12,0.5718782791185729,1.334612615883713,0.9120512135644612,-0.4212545088907109,-0.1559568339803269,-0.07151541138341622,-0.2703372400455527
1d,38,ls,0.0,0.37505983825008504,0.18983605209632826,-0.5709182962234518,57,0.9590766002098636,0.4048532473563016,0.12414366961967627,-0.5709182962234518,0.33032500353769445,0.05843771063433478,-0.29440477688336775
1d,38,ls,0.02,0.36409770234682026,0.1741294082311109,-0.5624899545877121,43,0.9590766002098636,0.34624735771003956,0.07623798958939365,-0.5624899545877121,0.39548362361846023,0.0909570370017021,-0.27387577461877477
1d,38,ls,0.04,0.4678614509896046,0.33114504630159436,-0.5654102261447739,31,0.9590766002098636,0.4070942010206577,0.12606175235817774,-0.5654102261447739,0.5686563221313676,0.18212437596244802,-0.28690564261537677
1d,38,ls,0.06,0.3700227199842879,0.1826176628442262,-0.608445939863892,23,0.9569779643231899,0.1880089300288498,-0.042540626033000795,-0.608445939863892,0.6634236182157559,0.23516223768778644,-0.26900644880676006
1d,38,long_only,0.0,0.6520988525192619,0.5050828845464774,-0.37688888654904207,29,0.534102833158447,1.2132946792953805,0.7680738923517545,-0.37688888654904207,-0.5282608110187822,-0.14874435335701275,-0.3004541131058699
1d,38,long_only,0.02,0.64088893566507,0.49327216743808155,-0.37058423250192485,22,0.5445960125918153,1.179277371315881,0.7317344680348536,-0.37058423250192485,-0.4504198687269021,-0.13770142305210098,-0.3123549771412737
1d,38,long_only,0.04,0.7004308008898279,0.5801195896413498,-0.3753070634748221,16,0.559286463798531,1.1858591677633408,0.7606355195855736,-0.3753070634748221,-0.29599039764112833,-0.10252884707603549,-0.28075317420659607
1d,38,long_only,0.06,0.5917837486592449,0.4445676771752687,-0.4245121824316396,12,0.5676810073452256,0.9834580340183569,0.575991266546217,-0.4245121824316396,-0.2092738280130383,-0.08339106450695277,-0.2718512085136464
1d,40,ls,0.0,0.50796099446629,0.397105372465115,-0.4997945063073662,61,0.9569779643231899,0.529259877087965,0.23272392642313422,-0.4997945063073662,0.47778759501932944,0.13334814269318973,-0.3189480078562381
1d,40,ls,0.02,0.282530465217825,0.06420309314308237,-0.5511016077776856,49,0.9569779643231899,0.39381979665077943,0.11514670089948931,-0.5511016077776856,0.1073071302938409,-0.04568332374145445,-0.2873044489223363
1d,40,ls,0.04,0.17256387491693093,-0.06818415512388032,-0.580154838914948,35,0.9569779643231899,0.0821387429428126,-0.11470774248406745,-0.5371807806349663,0.3181790985428267,0.05255167089197088,-0.2982828693946885
1d,40,ls,0.06,0.3889081454429742,0.20975476602239485,-0.605464487823721,23,0.9569779643231899,0.45643635140096783,0.16768599054432531,-0.605464487823721,0.2840643540884151,0.03602747298394782,-0.2924195720993976
1d,40,long_only,0.0,0.7223218878353856,0.5902749673159735,-0.34566300171285047,31,0.521511017838405,1.2499556697204586,0.8022108664043561,-0.34566300171285047,-0.40508822362981467,-0.11759772568191273,-0.28504937248328466
1d,40,long_only,0.02,0.5477304669912434,0.3826245252882845,-0.3829451479901932,25,0.5288562434417629,1.1467299129775943,0.7104403989846306,-0.3829451479901932,-0.7340808068161814,-0.19165582962782435,-0.32119028532075256
1d,40,long_only,0.04,0.461418359215822,0.2890163099810512,-0.35651545446428,18,0.5424973767051416,0.9262184002620559,0.5195691535644922,-0.35651545446428,-0.5326834631490642,-0.1517225083456235,-0.3028350678086035
1d,40,long_only,0.06,0.6002997015115982,0.4578650324126059,-0.41326427858275716,12,0.5624344176285414,1.1370576954054579,0.7337614423279109,-0.41326427858275716,-0.5559289262942431,-0.1591317024243304,-0.3006782775596759
1d,42,ls,0.0,0.23715584621108934,0.007897240055239063,-0.4929358759542959,57,0.9548793284365162,0.38397048393357003,0.1072728237043683,-0.4929358759542959,0.005223102985360748,-0.08974805623483961,-0.30542883205398497
1d,42,ls,0.02,0.28967604465873337,0.0738107996049604,-0.48505491564571246,41,0.9548793284365162,0.29557206630952904,0.03728935674229228,-0.48505491564571246,0.2823823164290611,0.03520853908823551,-0.29666046607079744
1d,42,ls,0.04,0.34143601580498056,0.14294604092191698,-0.5098470181344561,35,0.9548793284365162,0.05527526723383985,-0.13162452289540405,-0.5098470181344561,0.8004123485726483,0.31618875826942494,-0.2580406498554759
1d,42,ls,0.06,0.7822076405856531,0.9436169546325324,-0.4399374381456066,19,0.9548793284365162,0.8052837506894446,0.5106200506261209,-0.4399374381456066,0.7511568565888165,0.28663521566984485,-0.3004005381591799
1d,42,long_only,0.0,0.4858380525442311,0.3138113307062349,-0.33206660795507814,29,0.5131164742917104,1.0879963034735975,0.6618968743847926,-0.33206660795507814,-0.850236375140237,-0.20945074814429265,-0.3107777910103313
1d,42,long_only,0.02,0.5233976403831213,0.3557242125308271,-0.3150763760172145,21,0.5288562434417629,1.0370517747046837,0.6107874399166799,-0.30853418354377626,-0.5693695346074334,-0.1583469184481896,-0.30866448045790473
1d,42,long_only,0.04,0.5604897572818719,0.39845521381954896,-0.3392296734128226,18,0.5257082896117523,0.8719854823906423,0.4717780337865416,-0.3392296734128226,-0.09636000562911437,-0.04981921069874262,-0.21347296085397416
1d,42,long_only,0.06,0.879549244939039,0.8238091220904027,-0.28684516033124874,10,0.5362014690451207,1.3703022991576503,0.942585842764585,-0.28684516033124874,-0.14051405068718603,-0.06114361489690612,-0.24708599527760744
1d,44,ls,0.0,0.38162188585265405,0.19984553009438377,-0.5136452796489137,65,0.9527806925498427,0.3415109390054675,0.07329074281713832,-0.5136452796489137,0.4480040013751753,0.11791286575813609,-0.30793485831748413
1d,44,ls,0.02,-0.019341907302917,-0.25973565442122915,-0.570057450883971,41,0.9527806925498427,0.06011068203325469,-0.1278751017306744,-0.4891711628815377,-0.14573344972644386,-0.15119457425447091,-0.32040102843174456
1d,44,ls,0.04,0.37439424871246263,0.189361234955447,-0.40585810582532866,31,0.9527806925498427,0.6726731453224386,0.3695084736175982,-0.40364631202079326,-0.0966553079940827,-0.13154152904675964,-0.35119353478436055
1d,44,ls,0.06,0.5032799721287285,0.3888558448837618,-0.40778579663541425,17,0.9527806925498427,0.5488072441099578,0.250154008200435,-0.40778579663541425,0.4345032752732715,0.11094779984986247,-0.3004005381591799
1d,44,long_only,0.0,0.5791355632828105,0.41351317096643925,-0.33336592912137075,33,0.5036726128016789,1.0578569995196638,0.6149159533851265,-0.33336592912137075,-0.42297879468127336,-0.12471409548993118,-0.2916167024883468
1d,44,long_only,0.02,0.284803440472435,0.11180801713611666,-0.35274063945911727,21,0.5120671563483735,0.8663832349057947,0.45533683465968,-0.3116880939974437,-1.0084261728865613,-0.2360476347071181,-0.30018433801989497
1d,44,long_only,0.04,0.5749629487869886,0.4079680763464977,-0.29242498715403853,16,0.5194123819517313,1.2749814523499314,0.8222324864971793,-0.2443885173573973,-0.9600211539358448,-0.22733894452019476,-0.29242498715403764
1d,44,long_only,0.06,0.6648314484740067,0.5183261328829358,-0.2690673338681432,9,0.5330535152151101,1.1717472970394684,0.7350573787446972,-0.2690673338681432,-0.461367381519134,-0.12491301355034534,-0.2537566784771126
1d,46,ls,0.0,0.327546655061572,0.12460996813332281,-0.4766592448698408,57,0.950682056663169,0.39930940290668715,0.1201656169941614,-0.43226709868012425,0.2158446753674826,0.003967583964132215,-0.3977272402672736
1d,46,ls,0.02,0.260348168271295,0.03697126497572478,-0.47370619900320776,37,0.950682056663169,0.4795866106891419,0.18810982676447274,-0.47370619900320776,-0.08607451667054704,-0.12720925152208995,-0.38804458504598316
1d,46,ls,0.04,0.15758056527815995,-0.08379118014426712,-0.4994738437854457,29,0.950682056663169,0.2835969243850737,0.028334551570948996,-0.3846227258075897,-0.04146938722389539,-0.10903623878428215,-0.38203516969514295
1d,46,ls,0.06,0.15869005079475768,-0.08281077577768348,-0.3861902435598764,21,0.950682056663169,0.3957480154729983,0.11687362462732565,-0.3861902435598764,-0.21640529443668644,-0.17878871521533102,-0.2899590965705132
1d,46,long_only,0.0,0.5375021254732771,0.3654401617413514,-0.3026376995650445,29,0.5005246589716684,1.08597126214753,0.6429936700574812,-0.2828811739598355,-0.6641093191580782,-0.16893157495026667,-0.30263769956504427
1d,46,long_only,0.02,0.49532538149902966,0.3162569748910844,-0.32739150104233283,19,0.4994753410283316,1.1658966532473358,0.6996077957703135,-0.29520155711097384,-0.946379906499243,-0.22555251972440105,-0.3273915010423327
1d,46,long_only,0.04,0.4097038015498133,0.23105906499333417,-0.32435562384740646,15,0.5194123819517313,1.01195302161651,0.5754241331038206,-0.23788469309014082,-0.8807710047072388,-0.21858562457846575,-0.32435562384740646
1d,46,long_only,0.06,0.3961264169199138,0.2201991750961121,-0.3510182110266822,11,0.5487932843651626,1.0582307275991496,0.632634370777853,-0.23838862174203923,-0.9789038782907533,-0.25261944931689717,-0.3510182110266815
1d,48,ls,0.0,-0.022375546327101672,-0.262115148121598,-0.5656568273948749,59,0.9485834207764953,0.34905442891996047,0.07938191534300243,-0.5656568273948749,-0.6129675357933552,-0.3163820503293129,-0.35357809774697924
1d,48,ls,0.02,-0.21645249552907617,-0.4162436691060064,-0.6063757360531472,41,0.9485834207764953,0.02469428116717096,-0.15038971880285223,-0.5595219807256766,-0.6012629331503223,-0.31291282154513456,-0.43651827660967846
1d,48,ls,0.04,-0.05877216248384075,-0.29409018144604626,-0.5477216618367324,28,0.9485834207764953,0.0005255230359746654,-0.16536949083360442,-0.5325758565206551,-0.1534083274480352,-0.1542247607758831,-0.3409334598532312
1d,48,ls,0.06,0.36701530636593455,0.17875562949809343,-0.5010036276837152,18,0.9485834207764953,0.5243297431057153,0.22790293161532604,-0.5010036276837152,0.11987963324233059,-0.04002539683864159,-0.27964257321977126
1d,48,long_only,0.0,0.2828318918158713,0.11056226968174121,-0.3644869039614379,30,0.4994753410283316,1.0722950625712193,0.6185620736369448,-0.34160666683792773,-1.4832687200835182,-0.3138587096716754,-0.36448690396143746
1d,48,long_only,0.02,0.1354533438549585,-0.013933419004976688,-0.4033600908158471,21,0.5131164742917104,0.8468104700057499,0.4351082423371324,-0.33862358722060093,-1.4380629270038252,-0.31289741644214064,-0.4033600908158472
1d,48,long_only,0.04,0.25585528087590637,0.08679893170036901,-0.3378589605481247,14,0.49213011542497376,0.8391039834804442,0.42524463532180734,-0.31873582328431327,-1.014275478903818,-0.23746499038392965,-0.3378589605481257
1d,48,long_only,0.06,0.5590618682382578,0.39292086855604436,-0.3302061117991184,9,0.5162644281217209,1.1643121752200831,0.718128076450983,-0.3302061117991184,-0.723387532846035,-0.18927995668791786,-0.3039589590708993
1d,50,ls,0.0,-0.2637555967601766,-0.4487961009214628,-0.6595152509010784,53,0.9464847848898216,-0.06957938608344087,-0.2075130179035749,-0.6020507452918886,-0.5740574153888677,-0.30446315014488323,-0.4786689028533725
1d,50,ls,0.02,-0.130036561969108,-0.35232106770220095,-0.6164261144157219,39,0.9464847848898216,0.14674449406168072,-0.07039252968840815,-0.5646842694066079,-0.5704322983598775,-0.3032769712137693,-0.49932312705862714
1d,50,ls,0.04,0.24194824506804855,0.013867411933379925,-0.5241389997372549,23,0.9464847848898216,0.41494982185552554,0.13277723423097876,-0.5241389997372549,-0.030896211175675793,-0.10497193861626863,-0.3781511923327029
1d,50,ls,0.06,0.20639152336296737,-0.028598517630529563,-0.5590202517339191,17,0.9464847848898216,0.48242916683966386,0.19039679797005227,-0.5590202517339191,-0.23012036462841837,-0.1839683338984347,-0.37493385366211873
1d,50,long_only,0.0,0.09921301278497481,-0.04142299434348917,-0.3996259545763121,27,0.49527806925498424,0.786272342920632,0.3864231969913554,-0.37293744945755025,-1.4146187598176196,-0.3085971096439418,-0.39962595457631245
1d,50,long_only,0.02,0.19860770627609783,0.03733061431580342,-0.3991815982793834,20,0.4963273871983211,0.9279033237002101,0.49921765526073547,-0.36162025170720336,-1.4082358815258793,-0.30808537994745266,-0.3991815982793835
1d,50,long_only,0.04,0.47853950252620037,0.29886880234446656,-0.343605431388312,12,0.46799580272822666,1.11035951546313,0.6546390130290143,-0.343605431388312,-0.9083801922520733,-0.2150137932703945,-0.32079692113883707
1d,50,long_only,0.06,0.4389620311487137,0.2619915958458472,-0.37021225157617965,9,0.49842602308499473,1.1315639085619345,0.6887813343997309,-0.37021225157617965,-1.0432023923759701,-0.2527205446083315,-0.3627464337462457
1d,52,ls,0.0,0.24117666155160644,0.013338335435515436,-0.6092507104753719,49,0.944386149003148,0.2119933369384021,-0.02427495693902615,-0.6092507104753719,0.28917080296523434,0.03854906937362368,-0.37124411381679356
1d,52,ls,0.02,0.12971036209179718,-0.11400528661127518,-0.6438570082383547,31,0.944386149003148,0.0048320035322439074,-0.1623677262644324,-0.6438570082383547,0.3289484352682111,0.05773707767666969,-0.2998473836745249
1d,52,ls,0.04,0.07171494469215811,-0.17358566423544441,-0.5457758294950086,23,0.944386149003148,0.17616915113235698,-0.04963044366103475,-0.5061350180743571,-0.09360392498206872,-0.1304284420177696,-0.4089776086396463
1d,52,ls,0.06,-0.0691799118606202,-0.302723269367839,-0.6532038165909795,17,0.944386149003148,0.024545232338384213,-0.150246983003405,-0.6532038165909795,-0.21846700623867096,-0.17943600471505583,-0.3560217035654206
1d,52,long_only,0.0,0.486612038346795,0.3087090649386486,-0.4053589555260232,25,0.4858342077649528,0.9767771274555744,0.5462515757608664,-0.4053589555260232,-0.6076089012264784,-0.1536247493913342,-0.27080574676007374
1d,52,long_only,0.02,0.3951641280749212,0.2171482892689105,-0.4333412250373796,16,0.4931794333683106,0.825507500091321,0.42852378331453567,-0.4333412250373796,-0.5422336852259727,-0.14796778080599005,-0.2660389899469414
1d,52,long_only,0.04,0.3540402572757587,0.17649096014004306,-0.3409760955208252,12,0.49737670514165794,0.9417418927821718,0.5223575264215112,-0.33191423815974075,-0.9488513738207723,-0.22719141875592863,-0.3409760955208253
1d,52,long_only,0.06,0.2477417540919966,0.07728652458801166,-0.4420779660025794,9,0.5026232948583421,0.836227281506513,0.4379852460860525,-0.4420779660025794,-1.0282048552060252,-0.25083617685216275,-0.3611395113772603
1d,54,ls,0.0,0.2503227697338812,0.024647919668123297,-0.567088150929471,50,0.9422875131164743,0.25778279323736397,0.009420093495401849,-0.567088150929471,0.2402067683115242,0.015085717305259871,-0.2830092774180877
1d,54,ls,0.02,-0.1763340209716508,-0.3869306550863595,-0.6751392220010071,32,0.9422875131164743,-0.3682823305822994,-0.36347719125656963,-0.6751392220010071,0.1270380660284602,-0.036846226887125466,-0.2882152728725038
1d,54,ls,0.04,0.034579356465750985,-0.2098946542530895,-0.6264057870842611,21,0.9422875131164743,0.15057073061951703,-0.0674577294029507,-0.6264057870842611,-0.14930151525753033,-0.1527404487079671,-0.32621025316168395
1d,54,ls,0.06,-0.03411853974452352,-0.27283871265878756,-0.6242209043131994,15,0.9422875131164743,0.1508512061526978,-0.06738007868827112,-0.6242209043131994,-0.32785817364972586,-0.22030264341934713,-0.35119046344209415
1d,54,long_only,0.0,0.4817542900768617,0.3064046058026726,-0.37431902416697793,25,0.48898216159496327,0.9933216310469932,0.5650224622611477,-0.37431902416697793,-0.6269842173393533,-0.16524865469651184,-0.29067040267879973
1d,54,long_only,0.02,0.16815039884512803,0.009263894935504835,-0.4588339529336547,16,0.49422875131164745,0.5720200944397098,0.24119144988773344,-0.4588339529336547,-0.7350089208025127,-0.1868588081018504,-0.3167031542561215
1d,54,long_only,0.04,0.3280596507287548,0.15135097241040385,-0.4188062881065888,11,0.48688352570828963,0.9315550952106026,0.5076864242779988,-0.4188062881065888,-1.0225906180140258,-0.2363458648493414,-0.34878268431169124
1d,54,long_only,0.06,0.27989310034775566,0.10752289172830376,-0.41719557413256136,8,0.46379853095487933,0.9309083611573176,0.5075308316933538,-0.41719557413256136,-1.2680148458117,-0.2653398070245345,-0.3735076957081477
1d,56,ls,0.0,0.09053148393521497,-0.15373374559001285,-0.5520405314867947,49,0.9401888772298006,0.07874798950879475,-0.11417560074853261,-0.5520405314867947,0.10973141913268007,-0.04465686977566674,-0.2586949854176923
1d,56,ls,0.02,0.11402398322073731,-0.1295094243555862,-0.6267123307231686,29,0.9401888772298006,0.04117461661303669,-0.13829606124647598,-0.6267123307231686,0.22997034192910676,0.010196816442081591,-0.23180267411642175
1d,56,ls,0.04,-0.15010440646418416,-0.366368716711334,-0.6200022533814895,19,0.9401888772298006,0.08994971705532304,-0.10722393688942666,-0.6200022533814895,-0.5306114193021395,-0.290268512485656,-0.42533647589227586
1d,56,ls,0.06,-0.22452190989076878,-0.4205506189164322,-0.6089984528106138,16,0.9401888772298006,0.12922972332802327,-0.08116208522661406,-0.6089984528106138,-0.7856398733474127,-0.3693671410735403,-0.47205431414803534
1d,56,long_only,0.0,0.334645499964497,0.15761171267638363,-0.3649683997210972,25,0.48898216159496327,0.8268818916970204,0.4260251251692644,-0.3649683997210972,-0.7860261150673786,-0.1882248831071769,-0.30053484616856674
1d,56,long_only,0.02,0.35029381462902925,0.1725794031809087,-0.42102269937475767,15,0.48898216159496327,0.7976465651632729,0.40507919515726476,-0.42102269937475767,-0.6637977549418226,-0.16547095194184636,-0.2883430580348614
1d,56,long_only,0.04,0.15636734718782622,0.0019035730431415931,-0.41394350916609524,10,0.47848898216159497,0.8442022766318419,0.4350673621914882,-0.41394350916609524,-1.3640416585190984,-0.301842129896163,-0.40463558937451327
1d,56,long_only,0.06,0.1008369133906979,-0.04276499459215688,-0.4291963301392856,8,0.46799580272822666,0.8718193330924744,0.45620505332237893,-0.40538278717944365,-1.574622721826273,-0.3426509520593406,-0.4291963301392855
1d,58,ls,0.0,-0.015533338166923084,-0.25086619738386684,-0.5098317095958973,45,0.938090241343127,0.09643692037932386,-0.0988620252035789,-0.5098317095958973,-0.189692201739886,-0.16868024257287328,-0.31192622688123417
1d,58,ls,0.02,-0.2075807984434964,-0.4035838658081141,-0.63248058821464,27,0.938090241343127,-0.02601576500493963,-0.17499092137769434,-0.63248058821464,-0.4909312611998182,-0.277079307796407,-0.40164688267527415
1d,58,ls,0.04,-0.29479026640399875,-0.46261850780105795,-0.6194413174251165,19,0.938090241343127,-0.1036649812761056,-0.22035594221114896,-0.6194413174251165,-0.5937169722636921,-0.31073483235027954,-0.4304594738563394
1d,58,ls,0.06,-0.17456675109039144,-0.3800305286156347,-0.5685778085516517,16,0.938090241343127,0.18431723117889343,-0.04019039929028623,-0.5685778085516517,-0.7344980709239673,-0.35407035840656353,-0.45924833630826123
1d,58,long_only,0.0,0.16990829167791288,0.01366467608525479,-0.34838517440711925,23,0.4805876180482686,0.7236063513920284,0.34146729082921556,-0.33679706586736047,-1.0393168794225218,-0.24436124308430462,-0.34838517440711947
1d,58,long_only,0.02,0.027658875819365623,-0.09795382199740632,-0.4270028840348158,14,0.4858342077649528,0.6372418377274641,0.2818180502502372,-0.4270028840348158,-1.295634708020086,-0.2962759591140913,-0.3931531251267616
1d,58,long_only,0.04,-0.03701820120726823,-0.13901957414530874,-0.41421272913905816,10,0.4879328436516264,0.597220332061959,0.2509899510232685,-0.41421272913905816,-1.433015917080615,-0.31176071786153214,-0.40612366217400375
1d,58,long_only,0.06,0.053166326726431165,-0.07428021140743613,-0.4223043997151573,8,0.46065057712486884,0.803629510151157,0.39146153670780603,-0.3513472162439669,-1.5282078271223571,-0.33471406562713,-0.422304399715158
1d,60,ls,0.0,0.14616335436842331,-0.09174688177870283,-0.5253428198949298,39,0.9359916054564533,0.20061364429066564,-0.028217240496621,-0.5253428198949298,0.06228572895494083,-0.06537432431354273,-0.2696280336129778
1d,60,ls,0.02,-0.02397290333885971,-0.25787011084710443,-0.5931763738642889,27,0.9359916054564533,0.0596752637868284,-0.12206613151717172,-0.5931763738642889,-0.15403615531985693,-0.15468588717805987,-0.29783762756651744
1d,60,ls,0.04,0.0551840406193374,-0.1849933551532954,-0.5027407186746227,19,0.9359916054564533,0.3169634475835644,0.05664101756214368,-0.5027407186746227,-0.3510780167028543,-0.22868161343285043,-0.35093852052933694
1d,60,ls,0.06,0.09282785917510161,-0.14790657440253996,-0.5297008115911248,15,0.9359916054564533,0.2553442345975894,0.010649810642390678,-0.5297008115911248,-0.15933954019985494,-0.15688558329036972,-0.35222058860001315
1d,60,long_only,0.0,0.2958078122194971,0.12176738332302572,-0.3331174955637941,20,0.4669464847848898,0.8135495741081219,0.3995828685208018,-0.3331174955637941,-0.8052570059193718,-0.1984987752039259,-0.3083908104373829
1d,60,long_only,0.02,0.1658546450519596,0.011671935618798868,-0.3736828193654753,14,0.47639034627492133,0.7063638581644704,0.3266466976445177,-0.3736828193654753,-1.021470465191669,-0.23742173600926442,-0.3378214009656272
1d,60,long_only,0.04,0.2261626909614957,0.061577686243752705,-0.36814209893519023,10,0.4826862539349423,0.8916499616255521,0.4588917864655482,-0.32065518640075197,-1.1874693218630352,-0.2723396648797146,-0.36814209893519
1d,60,long_only,0.06,0.25350862839906263,0.08446669038457211,-0.3411055131318612,8,0.48163693599160545,0.8368297442682933,0.4228470571799434,-0.3411055131318612,-1.0432583617591191,-0.237819212604645,-0.33816654651659095
